Country,Alcoholic Beverages,Animal Products,Animal fats,"Aquatic Products, Other",Cereals - Excluding Beer,Eggs,"Fish, Seafood",Fruits - Excluding Wine,Meat,Milk - Excluding Butter,Miscellaneous,Offals,Oilcrops,Pulses,Spices,Starchy Roots,Stimulants,Sugar Crops,Sugar & Sweeteners,Treenuts,Vegetal Products,Vegetable Oils,Vegetables,Obesity,Undernourished,Confirmed,Deaths,Recovered,Active,Population
Afghanistan,0,4.78,0.85,0,37.12,0.15,0,1.48,1.2,2.45,0.03,0.13,0.18,0.5,0.1,0.33,0.08,0,2.23,0.13,45.25,2.3,0.75,4.5,29.8,0.14,0.01,0.12,0.01,38928000
Albania,0.91,16.09,1.06,0,16.21,0.81,0.15,3.9,3.87,9.94,0.06,0.26,1.09,0.81,0,1.27,0.25,0,3.44,0.4,33.91,2.82,2.75,22.3,6.2,2.97,0.05,1.79,1.12,2838000
Algeria,0.09,6.03,0.19,0,25.01,0.42,0.12,3.18,1.25,3.99,0.1,0.06,0.27,1.09,0.12,1.93,0.15,0,3.99,0.22,43.97,5.76,2.05,26.6,3.9,0.24,0.01,0.17,0.07,44357000
Angola,1.94,4.69,0.26,0,18.35,0.04,0.84,2.31,2.93,0.51,0.07,0.11,1.08,1.5,0,12.62,0.04,0,2.75,0,45.32,4.27,0.35,6.8,25,0.06,0,0.06,0,32522000
Antigua and Barbuda,2.3,15.37,1.54,0,13.72,0.21,1.73,3.68,7.04,4.69,0.31,0.16,0.6,0.45,0.35,0.84,0.49,0,5.82,0.08,34.62,4.69,1.3,19.1,0,0.29,0.01,0.19,0.1,98000
Argentina,1.44,14.99,1.07,0,16.79,0.86,0.2,1.47,9.45,3.16,0,0.26,0.03,0.12,0.03,1.4,0.23,0,7.05,0.05,34.99,5.54,0.86,28.5,4.6,4.36,0.11,3.91,0.34,45377000
Armenia,0.23,12.83,1.77,0,19.27,0.73,0.18,2.53,4.22,5.64,0.11,0.29,0.23,0.44,0.02,1.25,0.7,0,5.3,0.31,37.17,3.57,3.22,20.9,4.3,5.68,0.11,5.4,0.18,2956000
Australia,1.98,15.61,1.9,0,11.64,0.47,0.6,1.66,7.49,4.8,0.21,0.35,0.66,0.14,0.11,1.31,0.51,0,5.8,0.85,34.39,8.38,1.13,30.4,0,0.11,0,0.1,0.01,25754000
Austria,2.82,15.61,5.25,0,12.37,0.79,0.41,1.6,5.01,4.05,0,0.11,0.69,0.11,0.11,1.46,0.37,0,6.26,0.42,34.39,7.16,1.03,21.9,0,4.74,0.09,4.5,0.15,8914000
Azerbaijan,2.26,8.17,1.31,0,28.74,0.55,0.1,1.61,2.93,3.17,0.03,0.11,0.05,0.08,0.02,2.21,0.31,0,3.42,0.45,41.82,1.21,1.47,19.9,0,2.29,0.03,2.23,0.03,10108000
Bahamas,2.91,14.79,1.42,0,10.73,0.66,1.25,4.46,8.18,2.99,1.08,0.27,1.03,0.12,0.22,0.71,0.42,0,8.67,0.17,35.24,3.16,1.52,32.1,0,2.1,0.04,1.74,0.32,393000
Bangladesh,0,2.37,0.15,0,37.53,0.23,0.83,0.66,0.35,0.77,0.02,0.04,0.13,1.23,0.5,1.93,0.02,0.02,1.43,0.12,47.64,3.43,0.62,3.4,14.7,0.32,0,0.28,0.03,169809000
Barbados,1.12,12.09,1.16,0,15.35,0.59,1.42,1.93,5.66,3.14,0.9,0.1,1.19,1.26,0.29,1.71,0.29,0,8.08,0.28,37.92,4.46,1.05,24.8,3.9,0.58,0.01,0.47,0.11,287000
Belarus,3.3,12.26,2.67,0,14.27,0.85,0.49,1.4,5.71,2.19,0.17,0.35,0.23,0,0.02,4.98,0.4,0,4.6,0.43,37.72,6.12,1.84,26.6,0,2.74,0.02,2.61,0.11,9375000
Belgium,2.31,14.16,4.78,0,13.04,0.69,0.6,1.38,3.28,4.63,0,0.19,0.24,0.29,0.09,2.19,0.12,0,6.81,0.56,35.84,7.07,1.74,24.5,0,6.29,0.19,0,6.1,11515000
Belize,1.52,9.18,2.61,0,18.91,0.3,0.37,2.52,3.95,1.89,0.52,0.04,0.61,2.28,0.04,0.5,0.3,0,7.64,0.13,40.85,5.12,0.74,22.4,7.5,2.87,0.07,2.74,0.06,419000
Benin,1.76,2.49,0.09,0,18.48,0.05,0.53,0.76,1.2,0.53,0.05,0.07,1.87,1.65,1.02,14.46,0.02,0,1.43,0.51,47.53,4.65,0.85,8.2,10.1,0.03,0,0.03,0,12209000
Bolivia,0.79,10.03,0.91,0,21.64,0.55,0.11,2.42,6.75,1.64,0.13,0.09,0.4,0.91,0.09,3.55,0.28,0,5.69,0.79,39.95,2.66,0.64,18.7,17.1,1.95,0.09,1.44,0.42,11633000
Bosnia and Herzegovina,3.89,9.06,0.55,0,21.23,0.29,0.18,1.9,3.03,4.88,0.2,0.11,0.31,0.78,1.04,2.26,0.84,0,3.03,0.26,40.95,2.95,2.26,19.4,0,3.76,0.15,2.96,0.66,3281000
Botswana,1.56,8.12,1.05,0,22.39,0.11,0.19,1.03,1.88,4.68,0.45,0.21,0.49,0.58,0.34,2.67,0.26,0,5.94,0.04,41.88,5.49,0.64,16.1,26.4,1.01,0.01,0.84,0.16,2317000
Brazil,1.43,13.21,1.52,0,14.59,0.45,0.23,1.72,7.16,3.74,0,0.11,0.72,2.03,0.02,1.79,0.14,0.18,6.33,0.08,36.8,7.2,0.55,22.3,0,4.46,0.11,3.98,0.37,211812000
Bulgaria,3.68,12.29,2.46,0,17.93,0.58,0.28,1.77,4.31,4.39,0.09,0.27,0.64,0.35,1.22,0.9,0.21,0,4.65,0.14,37.72,5.25,0.87,27.4,3.6,3.23,0.13,2.79,0.3,6927000
Burkina Faso,2.52,2.79,0.13,0,31.61,0.15,0.26,0.15,1.16,1.01,0.04,0.09,3.68,2.43,0.06,0.48,0.02,0,1.77,0.07,47.2,4.21,0.2,4.5,20,0.05,0,0.05,0.01,20903000
Cabo Verde,1.25,8.53,1.05,0,23.82,0.34,0.4,1.45,3.44,3.22,0.44,0.08,0.44,2.21,0.5,1.89,0.18,0,3.62,0.06,41.47,4.49,1.13,10.6,12.6,2.59,0.02,2.46,0.1,556000
Cambodia,1.42,4.04,0.1,0,33.02,0.1,1.78,0.65,1.78,0.2,0.18,0.08,1.86,0.93,0.14,1.7,0.04,0.14,4.19,0.04,45.94,1.31,0.36,3.5,16.4,0,0,0,0,15497000
Cameroon,1.53,2.17,0.15,0,20.52,0.02,0.55,3.5,1,0.41,0.06,0.06,2.39,3.56,0.66,8.12,0.04,0,1.6,0.32,47.82,4.15,1.38,9.5,9.9,0.12,0,0.11,0.01,26598000
Canada,1.57,12.7,3.97,0,13.03,0.77,0.53,1.82,4.8,2.62,0.26,0.01,1.32,1.57,0.14,1.52,0.24,0,6.2,0.59,37.29,7.96,1.09,31.3,0,2.11,0.05,1.91,0,38190000
Central African Republic,0.54,7.39,0.74,0,8.96,0.06,0.43,1.91,4.98,0.88,0.03,0.34,2.3,2.27,0,19.68,0.09,0,1.71,0,42.59,4.81,0.31,6.3,59.6,0.1,0,0.1,0,4830000
Chad,0.14,6.94,0.77,0,27.81,0.02,0.48,0.31,3.02,2.03,0.02,0.6,5.55,2.03,0,3.18,0,0,2.08,0,43.08,1.82,0.1,4.8,37.5,0.02,0,0.02,0,16877000
Chile,1.59,12.35,1.38,0,19.58,0.63,0.4,1.28,7.42,2.49,0.08,0.03,0.38,0.58,0.03,2.14,0.18,0,7.64,0.23,37.65,2.82,1.1,28.8,2.7,3.84,0.1,3.63,0,19470000
China,1.28,16.18,1.18,0.02,17.38,1.23,1.29,1.29,9.89,1.89,0.51,0.67,1.05,0.17,0.08,1.4,0.48,0.01,3.34,0.78,33.82,3.58,2.46,6.6,8.5,0.01,0,0.01,0,1402385000
Colombia,0.99,8.85,0.44,0,15.33,0.74,0.24,4.69,4.07,3.25,0.05,0.13,0.34,0.82,0.08,2.8,0.1,0.02,9.55,0.18,41.14,5.59,0.61,22.1,4.8,4.35,0.11,4.09,0.15,49444000
Congo,1.62,4.98,0.07,0,12.65,0.04,1.17,1.88,3.18,0.28,0.11,0.24,1.23,0.61,0,17.78,0.13,0,3.55,0,45.02,4.7,0.76,8.4,40.3,0.57,0.01,0.38,0.18,5518000
Costa Rica,1.21,11.35,1.97,0,14.5,0.63,0.73,2.22,3.04,4.89,0.07,0.08,0.53,1.78,0.08,0.81,0.25,0,8.41,0.13,38.67,7.93,0.71,25.7,4.8,3.84,0.05,3.06,0.74,5111000
Cote d'Ivoire,0.46,2.16,0.05,0,18.83,0.13,0.64,2.55,0.88,0.27,0.02,0.18,1.21,0.38,0.26,15.55,0.53,0,1.63,0.84,47.84,4.95,0.64,9,19,0.11,0,0.11,0.01,26175000
Croatia,2.74,14.69,2.48,0,14.27,0.5,0.6,1.51,5.45,5.4,0,0.26,0.73,0.11,0.06,1.14,1.22,0,7.48,0.28,35.32,3.84,1.93,27.1,0,5.85,0.13,5.65,0.07,4020000
Cuba,0.98,7.61,0.62,0,19.61,0.47,0.15,3.21,4.3,1.97,0.03,0.1,0.85,2.6,0.01,3.46,0.06,0,7.6,0,42.4,2.71,1.28,26.7,0,0.28,0,0.23,0.05,11281000
Cyprus,1.68,12.87,0.71,0,15.39,0.59,0.86,1.93,5.98,4.57,0.63,0.13,1.01,0.54,0.08,0.99,1.03,0,4.49,0.4,37.15,7.44,1.51,22.6,5.6,2.62,0.02,0.17,2.43,1207000
Czechia,4.9,14.04,3.82,0,11.4,0.5,0.29,1.28,5.04,4.27,0.11,0.11,0.24,0.29,0.08,1.77,0.5,0,6.17,0.2,35.97,8.12,0.9,28.5,0,9.61,0.16,8.56,0.9,10716000
Denmark,2.42,17.75,5.05,0,13.38,0.96,0.95,1.58,5.01,5.44,0,0.33,0.31,0.1,0.19,1.66,0.89,0,7.14,0.5,32.26,2.91,1.17,21.3,0,3.46,0.04,3.31,0.12,5829000
Djibouti,0.13,3.71,0.28,0,27.89,0.07,0.15,0.78,1.49,1.59,0.28,0.13,0.11,2.39,0.21,0.56,0.21,0,6.18,0.09,46.29,6.25,1.21,12.2,18.9,0.6,0.01,0.59,0,988000
Dominica,1.43,10.94,0.93,0,11.38,0.15,1.04,5.83,4.77,3.91,0.25,0.14,1.43,0.71,0.48,5.98,0.59,0,6.96,0.02,39.06,2.97,1.04,28.2,6.2,0.17,0,0.15,0.02,72000
Dominican Republic,1.59,8.68,0.75,0,13.31,0.63,0.3,7.42,3.77,2.99,0.19,0.24,1.15,1.5,0.05,1.38,0.17,0,5.41,0.03,41.33,8.52,0.58,26.9,9.5,2.12,0.03,1.58,0.51,10500000
Ecuador,0.93,9.74,1.49,0,23.44,0.54,0.25,2.59,3.92,3.42,0.1,0.14,0.37,0.33,0.04,1.02,0.08,0,3.69,0.04,40.23,7.19,0.46,19.3,7.9,1.47,0.09,1.2,0.18,17511000
Egypt,0.03,4.2,0.53,0,32.21,0.2,0.63,2.56,1.64,0.99,0.02,0.21,0.78,0.66,0.12,1.26,0.05,0.35,4.06,0.06,45.79,2.06,1.58,31.1,4.5,0.17,0.01,0.13,0.03,100803000
El Salvador,0.9,7.99,1.37,0,22.6,0.58,0.28,1.99,2.29,3.42,0.24,0.06,1.41,2.95,0.02,1.2,0.17,0,7.2,0.04,42,2.2,1.09,22.7,9,0.87,0.03,0.78,0.06,6481000
Estonia,4.84,15.33,1.96,0,16.21,0.74,0.34,1.54,4.36,7.81,0.05,0.14,0.14,0.43,0.15,2.25,1.13,0,3.78,0.45,34.67,2.45,1.23,23.8,2.9,3.57,0.03,2.83,0.71,1331000
Eswatini,1.56,5.59,0.52,0,27.55,0.12,0.17,1.5,2.77,1.83,0.17,0.17,0.73,0.73,0.33,2.83,0.04,0,6.72,0.12,44.41,1.75,0.42,13.5,20.6,1.47,0.05,1.04,0.37,1104000
Ethiopia,0.48,2.02,0.15,0,31.53,0.04,0.02,0.28,0.65,1.11,0,0.07,0.41,4.47,0.59,6.12,0.07,0,1.87,0.09,47.96,1.8,0.28,3.6,20.6,0.12,0,0.11,0.01,114916000
Fiji,0.73,8.48,2.25,0,18.13,0.27,1.12,0.63,3.56,1.17,0.07,0.12,3.51,1.82,0.12,4.34,0.24,0,5.93,0.05,41.51,5.11,0.83,30,3.7,0.01,0,0.01,0,896000
Finland,2.49,19.22,2.43,0,14.5,0.51,0.94,1.6,7.96,7.27,0.45,0.12,0.3,0.16,0.05,1.69,0.6,0,4.53,0.24,30.78,3.28,0.88,24.9,0,0.85,0.01,0.56,0.28,5529000
France,2,16.99,3.68,0,13.9,0.62,0.9,1.66,6.16,5.4,0.06,0.24,0.35,0.24,0.04,1.32,0.44,0,5.55,0.42,33.01,6.06,0.98,23.2,0,5.2,0.12,0.37,4.71,64940000
French Polynesia,1.49,15.07,1.81,0,15.89,0.5,1.64,1.04,8.14,2.74,1.15,0.22,2.45,0.33,0.02,1.92,0.67,0.14,3.56,0.15,34.94,5.3,0.86,0,4.2,0,0,0,0,280000
Gabon,2.06,7.19,0.15,0,18.01,0.06,1.08,5.28,4.46,0.98,0.32,0.45,2.35,0.04,0,8.4,0.17,0.02,2.72,0.02,42.8,2.89,0.55,13.4,10.5,0.51,0,0.48,0.03,2231000
Gambia,0.35,3.74,0.08,0,26.88,0.1,1.1,0.18,0.63,1.79,0.18,0.04,4.82,0.16,0,0.35,0.08,0,5.59,0.08,46.27,7.28,0.3,8.7,10.2,0.18,0.01,0.16,0.01,2417000
Georgia,1.24,8.81,1.6,0,25.61,0.4,0.26,0.84,2.37,4.08,0.23,0.09,0.19,0,0.05,1.48,0.84,0,6.65,0.3,41.19,3.21,0.57,23.3,7.9,7.04,0.09,6.81,0.15,3715000
Germany,3.29,15.37,4.16,0,12.4,0.62,0.53,1.56,5.08,4.91,0,0.07,0.48,0.1,0.1,1.77,0.42,0,6.48,0.76,34.63,6.19,1.08,25.7,0,2.74,0.07,2.45,0.22,83300000
Ghana,0.4,2.13,0.1,0,13.88,0.07,0.92,5.69,0.74,0.23,0.05,0.08,1.68,1.02,0.58,19.61,0,0.07,1.98,0.1,47.87,2.41,0.41,9.7,5.5,0.23,0,0.2,0.02,31073000
Greece,1.03,11.48,0.7,0,14.47,0.49,0.51,2.3,4.16,5.43,0.16,0.19,0.88,0.67,0.06,1.52,0.49,0,4.26,1.04,38.53,10.17,1.46,27.4,0,1.53,0.06,0.88,0.59,10700000
Grenada,2,12.26,0.73,0,13.76,0.73,1.14,3.56,5.76,3.81,0.35,0.08,1.19,1.31,0.65,1.14,0.31,0,7.91,0.04,37.75,4.91,0.6,20.2,0,0.13,0,0.13,0,113000
Guatemala,0.59,5.55,0.39,0,23.86,0.94,0.1,1.37,2.55,1.49,0.06,0.08,1.08,2.75,0.06,0.35,0.18,0,9.4,0.22,44.47,3.75,0.77,18.8,15.2,0.9,0.03,0.82,0.05,18066000
Guinea,0.09,2.42,0.16,0,24.85,0.11,0.34,2.59,1.04,0.66,0.07,0.11,1.88,0.73,0,6.8,0.09,0,2.22,0,47.59,6.65,1.61,6.6,16.5,0.12,0,0.11,0,12560000
Guinea-Bissau,0.69,3.86,0.16,0,28.61,0.07,0.04,1.95,2.6,0.87,0.13,0.11,0.58,0.4,0,4.11,0.07,0,0.69,1.15,46.15,7.5,0.27,8.2,28,0.14,0,0.13,0.02,1927000
Guyana,0.57,9.01,0.21,0,21.3,0.12,0.87,2.25,3.69,4.11,0.19,0.03,2.53,1.16,0.55,1.33,0.28,0,5.55,0.23,40.99,1.84,3.19,19.2,8.1,1.01,0.02,0.88,0.1,787000
Haiti,2.06,3.79,0.32,0,21.58,0.05,0.21,2.96,2.08,1.06,0.09,0.09,0.81,3.83,0,5.71,0.21,0,4.04,0,46.2,4.55,0.37,20.5,49.3,0.1,0,0.08,0.02,11403000
Honduras,0.71,6.74,0.65,0,23.33,0.29,0.1,1.55,2.9,2.7,0.16,0.08,0.18,2.39,0.02,0.29,0.24,0,8.54,0.04,43.25,5.48,0.37,19.4,12.9,1.56,0.04,0.63,0.9,9864000
Hungary,3.04,16.07,5.28,0,13.42,0.81,0.2,1.03,5.9,3.86,0.02,0,0.2,0.41,0.15,1.34,0.43,0,5.34,0.03,33.93,7.49,1.05,28.6,0,3.84,0.13,2.85,0.86,9767000
Iceland,2.04,22.29,2.99,0,10.78,0.59,2.27,2.22,7.6,8.57,0.47,0.26,0.48,0.1,0.17,1.08,0.94,0,5.32,0.25,27.71,3.02,0.85,23.1,0,1.64,0.01,1.62,0.01,368000
India,0.26,5.56,1.49,0,27.65,0.24,0.26,1.43,0.3,3.26,0,0.02,0.97,3.14,0.6,1.11,0.02,0,3.58,0.2,44.44,4.35,1.13,3.8,14.5,0.77,0.01,0.75,0.01,1400100000
Indonesia,0.03,3.37,0.12,0,31.96,0.4,1.47,1.42,0.92,0.36,0,0.1,1.83,0.17,0.26,2.47,0.14,0,3.46,0.09,46.64,4.08,0.71,6.9,8.3,0.42,0.01,0.35,0.06,271739000
Iran (Islamic Republic of),0,5.85,1.38,0,26.22,0.46,0.37,2.85,2.31,1.22,0,0.1,0.11,1.09,0.13,1.63,0.05,0,4.55,1.28,44.15,4.47,1.78,25.5,4.9,1.73,0.07,1.48,0.18,84150000
Iraq,0.1,4.15,0.94,0,29.73,0.74,0.12,1.58,1.48,0.88,0.12,0.02,0.3,0.7,0.04,0.34,0.26,0,4.71,0.2,45.82,7.24,0.56,27.4,29,1.58,0.03,1.51,0.04,39725000
Ireland,3.23,14.02,3,0,14.45,0.5,0.74,1.88,5.1,4.56,0.08,0.12,0.39,0.32,0.08,1.75,0.71,0,6.05,0.35,35.98,5.45,1.24,26.9,0,4.05,0.07,0.47,3.51,5003000
Israel,0.63,11.57,0.51,0,15.3,0.56,0.64,2.69,5.73,4,0.1,0.14,1.58,0.87,0.07,1.03,0.5,0,3.62,0.66,38.41,9.88,1.52,26.7,0,7.44,0.06,6.61,0.77,9216000
Italy,1.46,12.57,2.1,0,16.3,0.64,0.8,1.99,5.01,3.92,0.11,0.1,0.21,0.7,0.01,0.97,0.16,0,4.43,0.71,37.44,9.17,1.21,22.9,0,4.35,0.15,3.49,0.71,60296000
Jamaica,1.34,9.47,1.58,0,16.13,0.13,0.87,2.58,3.9,2.83,0.29,0.15,1.05,0.51,0.82,2.74,0.16,0,9.27,0.04,40.54,4.59,1.03,24.4,8,0.6,0.01,0.44,0.15,2809000
Japan,2.45,10.16,0.56,0.02,19.63,1.45,2.32,0.87,3.65,2.04,0.07,0.13,2,0.26,0.2,1.11,0.41,0.09,4.47,0.24,39.84,6.75,1.28,4.4,0,0.32,0.01,0.28,0.03,125967000
Jordan,0.06,6.08,0.55,0,22.09,0.24,0.22,1.31,2.89,2.1,0.11,0.07,0.92,1.12,0.09,0.81,0.33,0,6.98,0.35,43.92,8.6,1.14,33.4,12.2,3.13,0.04,2.99,0.09,10679000
Kazakhstan,1.52,14.11,1.13,0,14.67,0.52,0.14,1.63,5.1,6.98,0.14,0.25,0.3,0.08,0.03,2.96,0.49,0,4.13,0.34,35.89,7.74,1.86,21.3,0,1.3,0.02,1.14,0.14,18732000
Kenya,0.68,5.91,0.35,0,26.4,0.09,0.16,1.39,1.88,3.25,0,0.14,0.4,3.56,0.02,3.86,0.07,0,3.67,0.14,44.1,3.3,0.61,6,29.4,0.19,0,0.16,0.03,53528000
Kiribati,0.11,5.96,0.23,0,17,0.13,2.6,1.88,2.68,0.28,0.11,0.02,10.29,0,0.02,3.66,0.02,0,7.92,0.29,44.06,2.19,0.54,45.6,2.7,0,0,0,0,125000
"Korea, North",1.43,3.13,0,0,29.99,0.44,0.42,1.7,2.04,0.15,0.02,0.05,0.52,2.49,0,3.2,0,0,0.86,0.05,46.91,4.58,2.02,7.1,47.8,0,0,0,0,25779000
"Korea, South",2.05,9.34,1.23,0.4,20.58,0.61,1.63,1.13,4.65,0.65,0,0.16,1.08,0.16,0.06,0.56,0.12,0,5.3,0.47,40.66,6.69,2.45,4.9,0,0.16,0,0.14,0.02,51781000
Kuwait,0,9.17,0.58,0,20.42,1.02,0.3,2.51,4.17,2.98,0.32,0.13,0.46,0.83,0.38,1.23,0.61,0,6.14,0.42,40.84,5.76,1.73,37,2.8,3.62,0.02,3.43,0.17,4691000
Kyrgyzstan,0.73,10.99,0.75,0,22.88,0.29,0.05,0.89,3.07,6.58,0.09,0.23,0.02,0.93,0.05,3.09,0.61,0,4.4,0.39,39.03,2.43,2.48,15.4,7.1,1.29,0.02,1.24,0.03,6594000
Lao People's Democratic Republic,1.13,4.79,0.61,0,29.49,0.11,0.79,4.15,2.99,0.15,0.13,0.13,1.18,0.41,0.34,2.46,0.41,0.44,1.54,0.02,45.22,1.46,2.03,4.5,16.5,0,0,0,0,7242000
Latvia,3.06,15.42,3.85,0,14.75,0.74,0.84,1.18,4.89,4.92,0.13,0.16,0.28,0.02,0.03,3.58,0.96,0,4.07,0.38,34.59,4.8,1.34,25.7,0,3.75,0.07,3.12,0.56,1902000
Lebanon,0.35,5.4,0.61,0,21.33,0.14,0.28,2.08,2.14,2.17,0.16,0.05,0.99,1.04,0.09,1.44,0.38,0,6.63,1.02,44.62,7.55,1.53,31.3,11,4.66,0.05,2.95,1.66,6825000
Lesotho,0.77,3.7,0.09,0,34.6,0.07,0.09,0.46,2.3,0.94,0.09,0.22,0.18,1.82,0.18,2.3,0.04,0,2.72,0,46.31,2.76,0.37,13.5,13.1,0.44,0.01,0.13,0.3,2142000
Liberia,0.75,2.79,0.09,0,25.28,0.09,0.26,1.69,2.09,0.14,0.09,0.12,0.54,0.16,0,8.07,0.05,0.16,1.48,0.12,47.19,8.37,0.47,8.6,37.2,0.04,0,0.03,0,5058000
Lithuania,3.32,15.44,2.66,0,15.72,0.85,0.97,1.17,5.78,5.06,0.04,0.13,0.31,1.29,0.16,1.33,0.23,0,6.17,0.32,34.55,3.51,0.99,28.4,0,6.67,0.1,4.94,1.62,2794000
Luxembourg,5.16,17.41,2.4,0,11.98,0.96,0.82,2.07,7.96,5.16,0.28,0.1,0.3,0.1,0.16,1.23,2.01,0,4.05,0.08,32.59,3.87,1.3,24.2,0,8.15,0.09,7.66,0.4,632000
Madagascar,0.29,3.52,0.18,0,31.24,0.05,0.26,1.47,1.81,1.05,0.03,0.13,0.21,0.76,0.08,7.99,0.08,0.11,2.21,0.03,46.48,1.73,0.29,4.5,44.4,0.07,0,0.07,0,27691000
Malawi,0.36,4,0.43,0,23.34,0.08,0.34,3.08,2.91,0.13,0.02,0.13,1.36,2.87,0.04,11.43,0.02,0,1.53,0.04,45.99,1.32,0.59,4.7,17.5,0.14,0,0.06,0.08,19130000
Malaysia,0.21,8.78,0.43,0,21.52,1.22,1.75,1,4.09,1.24,0.29,0.03,0.64,0.45,0.72,0.69,0.02,0,7.03,0.14,41.22,7.53,1.01,15.3,2.5,0.73,0,0.57,0.16,32781000
Maldives,0.36,12.12,0.93,0,22.56,1,4.42,2.13,1.89,3.89,0.82,0,0.36,0.18,0.69,0.82,0.64,0.04,5.37,1.42,37.9,0.93,1.53,7.9,10.3,3.08,0.01,2.69,0.38,541000
Mali,0.65,5.74,0.22,0,32.91,0.03,0.24,0.87,1.74,3.3,0.05,0.17,0.85,1.59,0.12,1.45,0.02,0,1.78,0.36,44.28,2.56,1.04,7.1,6.3,0.04,0,0.03,0.01,20251000
Malta,1.95,14.2,2.04,0,15.89,0.68,0.94,1.57,5.29,5.2,0.09,0.06,0.58,0.52,0.07,1.13,1.13,0,7.53,0.45,35.79,2.85,2.05,31,0,3.56,0.05,3.05,0.46,522000
Mauritania,0,7.37,0.4,0,26.62,0.16,0.33,0.63,2.2,4.08,0.14,0.21,0.18,1.65,0,0.33,0.11,0,6.35,0,42.63,6.09,0.51,11.3,10.4,0.36,0.01,0.34,0.01,4650000
Mauritius,0.85,7.34,0.42,0,23.2,0.35,0.82,0.93,3.23,2.46,0.3,0.06,0.58,1.41,0.29,0.62,0.4,0,4.62,0.1,42.65,8.47,0.91,11.5,6.5,0.05,0,0.04,0,1265000
Mexico,1.2,10.27,0.9,0,21.51,1.07,0.43,1.67,5.04,2.59,0,0.25,0.44,1.55,0.23,0.51,0.08,0,6.99,0.23,39.71,4.48,0.84,28.4,3.6,1.51,0.13,1.16,0.22,127792000
Mongolia,1.54,20.38,2,0,18.77,0.34,0.02,0.34,10.57,6.62,0.19,0.8,0.06,0.08,0,1.22,0.78,0,2.93,0.04,29.64,2.93,0.74,19.6,13.4,0.06,0,0.04,0.02,3361000
Montenegro,1.41,17.63,1.39,0,16.12,0.66,0.36,2.34,6.97,8.1,0.34,0.14,0.27,0.62,0.04,0.7,1.24,0,4.77,0.36,32.38,3.06,1.09,24.9,0,10.41,0.13,9.04,1.23,622000
Morocco,0.09,4.87,0.64,0,29.47,0.34,0.62,2.06,2.09,1.07,0.01,0.12,0.15,0.65,0.22,1.41,0.09,0,5.41,0.43,45.13,4.07,1.08,25.6,3.4,1.32,0.02,1.26,0.04,35952000
Mozambique,0.37,2.91,0.17,0,21.96,0.15,0.46,0.87,1.39,0.69,0.04,0.07,0.28,2.6,0,14.17,0.04,0,2.15,0.17,47.1,3.97,0.43,6,27.9,0.14,0,0.09,0.05,31166000
Myanmar,0.13,10.87,0.81,0,23.44,0.39,2.05,1.35,6.37,1.11,0.09,0.15,1.78,2.63,0.37,0.72,0.07,0,3.55,0.43,39.12,3.33,1.24,5.7,10.6,0,0,0,0,54704000
Namibia,2.41,6.52,0.76,0,18.73,0.1,0.45,1.13,2.86,2.2,0.21,0.16,0.27,1.6,0.27,7.24,0.21,0,5.72,0.04,43.46,5.22,0.45,15,27.3,1.37,0.01,1.31,0.04,2541000
Nepal,0.14,3.77,0.63,0,30.71,0.14,0.09,1.45,0.87,1.94,0.02,0.1,0.12,1.99,0.91,2.72,0.07,0.59,0.91,0.17,46.22,4.92,1.53,3.8,8.7,0.91,0.01,0.89,0.01,29996000
Netherlands,2.22,16.53,2.35,0,11.48,0.85,0.72,2.69,5.74,6.79,0,0.06,0.18,0.23,0.17,2.26,0.12,0,6.59,0.68,33.48,5.59,1.26,23.1,0,5.82,0.08,0.08,5.66,17467000
New Caledonia,1.91,13.34,1.44,0,15.96,0.64,0.85,1.69,6.53,3.74,1.11,0.13,1.76,0.25,0.09,1.25,0.76,0,4.27,0.13,36.67,6.47,1,0,7.1,0,0,0,0,295000
New Zealand,1.65,15.11,4.56,0,14.48,0.63,0.67,1.66,6.87,2.3,0,0.1,0.89,0.52,0.11,1.55,0.13,0,8.87,0.55,34.88,3.36,1.11,32,0,0.05,0,0.04,0,4987000
Nicaragua,0.67,6.33,0.51,0,25.09,0.36,0.23,1.22,2.47,2.64,0.27,0.11,0.57,2.38,0,0.86,0.11,0,7.82,0,43.68,4.15,0.53,21.8,17,0.1,0,0.06,0.03,6596000
Niger,0.02,3.41,0.48,0,31.06,0.02,0.08,0.83,1.09,1.65,0.02,0.12,3.26,6.3,0.14,0.7,0.02,0,0.68,0,46.59,1.88,1.67,4.7,16.5,0.02,0,0.02,0,24189000
Nigeria,1.22,1.62,0.14,0,21.6,0.16,0.35,1.44,0.69,0.22,0.02,0.04,1.24,1.97,0.41,12.26,0.02,0,1.6,0.18,48.39,5.34,1.1,7.8,13.4,0.07,0,0.05,0.01,206140000
North Macedonia,0.98,9.44,2.18,0,16.69,0.35,0.18,2.15,2.98,3.52,0.13,0.18,0.8,0.78,0.33,1.87,0.77,0,6.3,0.43,40.58,6.6,2.73,23.9,3.2,4.55,0.14,4.03,0.38,2080000
Norway,1.71,15.59,2.57,0,14.01,0.67,1.55,1.86,5.67,5.04,1.18,0.07,0.89,0.83,0.06,1.43,0.99,0,4.17,0.43,34.43,6,0.84,25,0,1.2,0.01,0.33,0.86,5387000
Oman,0.09,10.05,0.56,0,19.75,0.53,0.78,6.89,3.31,4.71,0.1,0.14,0.32,0.65,0.51,0.82,0.38,0,4.5,0.19,39.95,4.06,1.71,22.9,6.8,2.87,0.03,2.7,0.13,4713000
Pakistan,0,11.47,2.51,0,23.33,0.28,0.06,0.64,1.55,6.96,0.02,0.13,0.64,1.35,0.28,0.71,0.13,0.28,5.22,0.13,38.5,5.29,0.49,7.8,20.3,0.25,0.01,0.23,0.01,220940000
Panama,1.81,10.7,2.31,0,21.29,0.39,0.6,2.39,3.96,3.26,0.37,0.19,0.65,0.88,0.04,0.69,0.35,0,6.2,0.14,39.3,4.03,0.46,22.5,10,7.62,0.13,6.77,0.72,4283000
Paraguay,1.83,9.38,1.19,0,15.82,0.78,0.15,1.13,4.58,2.34,0.09,0.33,0.82,1.41,0.02,7.12,0.47,0,5.02,0,40.63,6.3,0.6,19,10.7,1.9,0.04,1.56,0.3,7255000
Peru,1.55,5.8,0.18,0,21.29,0.58,0.88,3.49,2.02,1.86,0.05,0.27,0.76,1.5,0.04,6.79,0.18,0,4.26,0.05,44.2,3.12,1.12,19.1,9.7,3.57,0.13,3.31,0.14,32824000
Philippines,1.08,7.72,1.38,0,28.52,0.3,0.97,2.62,4.45,0.43,0.04,0.19,0.54,0.22,0.07,1.63,0.22,0,4.08,0.19,42.28,2.15,0.92,6,13.3,0.49,0.01,0.45,0.03,109581000
Poland,2.85,14.61,4.14,0,16.05,0.37,0.51,1.06,6.35,3.22,0,0.01,0.21,0.27,0.04,2.65,0.09,0,6.25,0.17,35.4,4.52,1.21,25.6,0,4.03,0.1,3.39,0.53,38368000
Portugal,3.07,15.41,3.64,0,13.91,0.47,1.36,2.32,5.94,3.81,0.04,0.19,0.19,0.46,0.04,1.76,0.72,0,3.62,0.4,34.59,6.65,1.42,23.2,0,7.43,0.14,5.85,1.45,10255000
Republic of Moldova,2.07,12.3,1.8,0,21.38,0.63,0.48,1.15,3.65,5.58,0.17,0.17,0.08,0.15,0.02,1.75,0.31,0,4.64,0.04,37.69,4.78,1.17,20.1,0,4.65,0.1,4.33,0.21,3535000
Romania,2.11,13.15,2.17,0,17.85,0.79,0.17,1.79,3.77,6.1,0.11,0.14,0.21,0.28,0.33,2.6,0.38,0,4.02,0.26,36.85,5.09,1.82,24.5,0,3.86,0.1,3.58,0.18,19241000
Russian Federation,2.04,12.76,2.13,0,16.74,0.91,0.7,1.13,4.83,4.02,0.03,0.18,0.28,0.36,0.03,3.06,0.21,0,6.84,0.04,37.24,5.31,1.16,25.7,0,2.66,0.05,2.32,0.3,146733000
Rwanda,0.86,2.37,0.11,0,9.44,0.02,0.32,8.81,0.93,0.88,0.02,0.09,0.79,7.56,0.05,16.5,0.02,0,1.42,0,47.64,1.69,0.47,4.8,36.8,0.13,0,0.09,0.03,12952000
Saint Kitts and Nevis,1.67,14.27,1.65,0,13.4,0.32,0.95,2.23,7.59,3.58,0.54,0.2,1.23,1.07,0.18,1.25,0.1,0,6.78,0.22,35.72,6.52,0.54,23.1,0,0.07,0,0.07,0.01,54000
Saint Lucia,2.56,14.64,1.05,0,15.36,0.24,1.22,2.01,8.93,2.93,0.43,0.26,0.86,1.11,0.34,1.24,0.36,0,7.44,0.19,35.36,2.67,0.79,19.8,0,1,0.01,0.48,0.51,182000
Saint Vincent and the Grenadines,1.82,10.22,0.27,0,17.08,0.29,0.56,3.55,6.59,2.4,0.51,0.12,0.25,1.33,0.59,2.35,0.54,0,7.03,0.14,39.78,3.67,0.93,23.8,5.7,1.08,0,0.36,0.72,111000
Samoa,0.52,13.45,2,0.03,9.61,0.15,1.75,3.9,7.98,1.43,0.29,0.12,9.09,0,0.13,4.74,0.29,0,4.18,0.03,36.54,3.45,0.32,45.5,2.7,0,0,0,0,200000
Sao Tome and Principe,0.7,3.64,0.19,0,18.6,0.04,1.16,8.85,1.63,0.62,0.14,0.02,6.62,0.74,0.06,2.38,0.02,0,3.27,0,46.36,4.68,0.27,10.6,7,0.64,0.01,0.5,0.13,210000
Saudi Arabia,0,7.59,0.78,0,23.46,0.41,0.33,3.27,3.35,2.64,0.3,0.08,0.23,0.78,0.41,0.53,0.5,0,4.65,0.27,42.41,7.25,0.77,35,7.1,1.06,0.02,1.03,0.01,35041000
Senegal,0.08,2.76,0.19,0,30.59,0.11,0.59,0.46,1.26,0.48,0.02,0.1,1.28,0.75,0.11,1.15,0.1,0,3.24,0.11,47.24,8.23,1.15,7.4,11.3,0.17,0,0.14,0.03,16744000
Serbia,2.57,13.14,1.11,0,20.04,0.64,0.23,2.1,6.29,4.65,0.02,0.21,0.39,0.45,0.05,1.25,0.59,0,5.22,0.29,36.86,2.67,1.21,23.5,5.7,5.84,0.06,0,5.78,6957000
Sierra Leone,0.1,2.61,0.04,0,27.54,0.1,0.88,0.86,0.67,0.88,0.08,0.06,1.27,1.78,0.12,7.08,0.04,0,1.02,0.2,47.38,6.59,0.69,7.5,25.6,0.05,0,0.03,0.02,7977000
Slovakia,2.84,16.54,7.8,0,10.67,0.9,0.33,1.25,4.37,2.96,0.07,0.18,0.52,0.23,0.09,1.7,0.6,0,4.17,0.27,33.46,10.2,0.85,22.4,3.4,4.79,0.09,4.36,0.34,5462000
Slovenia,2.24,13.61,3.54,0,18.01,0.61,0.34,2.66,4.6,4.35,0.2,0.16,0.38,0.3,0.14,1.5,1.13,0,3.47,0.64,36.39,4.63,1.11,22.5,0,8.24,0.17,7.31,0.75,2103000
Solomon Islands,0.27,4.17,0.66,0,16.74,0.08,1.35,1.12,1.62,0.39,0.19,0.04,4.23,1.89,0.08,16.88,0.23,0,1.74,0.06,45.84,2.2,0.21,20.5,8.9,0,0,0,0,715000
South Africa,2.29,7.61,0.22,0,26,0.43,0.18,0.52,5.14,1.37,0,0.28,0.45,0.27,0.08,1.05,0.12,0,5.69,0.03,42.38,5.28,0.6,27,6.2,2.47,0.08,2.25,0.15,59628000
Spain,2.42,13.18,1.01,0,11.99,0.81,1.3,1.84,5.96,3.95,0,0.14,0.54,0.7,0.02,1.59,0.35,0,4.82,0.7,36.83,10.38,1.48,27.1,0,6.18,0.13,0.32,5.73,47635000
Sri Lanka,0.21,3.77,0.06,0,26.98,0.33,1.19,1.55,0.61,1.53,0.02,0.06,5.78,1.76,0.86,1.32,0.1,0,5.38,0.17,46.23,1.13,0.98,5.4,9,0.31,0,0.29,0.03,21937000
Sudan,0,7.97,0.43,0,22.83,0.1,0.04,2.38,2.49,4.73,0.02,0.19,1.21,2.08,0.08,0.88,0.06,0.12,6.33,0,42.03,4.71,1.32,7.4,20.1,0.07,0,0.05,0.01,43849000
Suriname,1.45,6.2,0.2,0,20.81,0.41,0.59,2.56,3.84,1.11,0.41,0.04,1.06,0.35,0.04,1.19,0.32,0.06,7.59,0.06,43.79,6.81,1.11,26.5,8.5,1.43,0.03,1.32,0.09,605000
Sweden,2.3,16.49,3.74,0,13.77,0.82,0.92,1.58,5.25,5.76,0.19,0.02,0.47,0.25,0.12,1.54,0.33,0,5.26,0.45,33.49,6.18,1.07,22.1,0,5.67,0.12,0,5.55,10377000
Switzerland,2.33,15.54,2.42,0,11.75,0.59,0.44,1.93,6.18,5.79,0,0.12,0.28,0.25,0.09,1.08,0.21,0,7.9,0.95,34.47,6.7,1,21.2,0,6.16,0.11,3.68,2.37,8634000
Taiwan*,1.28,10.95,1.04,0,15.42,0.91,0.76,2.08,6.99,1.14,0.08,0.1,1.92,0.42,0.2,0.45,0.27,0.05,4.87,0.71,39.04,9.47,1.85,0,3.5,0,0,0,0,23610000
Tajikistan,0.14,5.18,0,0,27.41,0.21,0.02,1.52,2.38,2.38,0.1,0.17,0.4,0.59,0.05,1.38,0.36,0,3.9,0.12,44.84,5.49,3.35,12.6,0,0.14,0,0.14,0,9429000
Thailand,2.14,6.4,0.34,0,23.19,0.9,1.15,1.84,3.08,0.85,0.02,0.07,1.33,0.42,1.06,1.06,0.07,0,7.73,0.11,43.6,4.07,0.58,10.8,7.8,0.04,0,0.03,0.01,66534000
Timor-Leste,0.12,5.05,0.4,0,32.73,0.07,0.37,0.61,4,0.12,0.19,0.07,0.98,1.54,0.07,2.48,0.3,0,2.52,0,44.97,2.97,0.44,2.9,24.9,0.01,0,0,0,1318000
Togo,0.29,2.04,0.1,0,23.28,0.06,0.39,0.21,1.11,0.31,0.16,0.04,0.82,3.03,0.1,10.56,0.06,0,2.82,0,47.96,6.26,0.39,7.1,16.1,0.07,0,0.05,0.01,8279000
Trinidad and Tobago,0.89,9.99,1.4,0,18.42,0.26,0.71,1.25,4.63,2.91,0.38,0.1,1.07,1.43,0.38,1.2,0.18,0,9.15,0.2,40.02,4.77,0.67,19.7,5.5,0.56,0.01,0.53,0.02,1369000
Tunisia,0.25,5.8,0.68,0,23.96,0.39,0.35,1.95,1.69,2.61,0.03,0.07,0.52,1.01,0.25,0.87,0.16,0,5.05,0.74,44.22,7.07,2.37,27.3,4.3,1.82,0.06,1.45,0.3,11896000
Turkey,0.31,7.6,0.93,0,19.29,0.42,0.13,2.29,2.13,3.93,0.03,0.07,0.69,1.72,0.3,1.29,0.1,0,4.36,1.07,42.4,8.76,2.18,32.2,0,3.02,0.03,2.88,0.1,83737000
Turkmenistan,0.23,13.13,1.74,0,27.4,0.47,0.1,1.32,6.44,4.34,0.09,0.05,0.14,0.23,0,1.01,0.42,0,1.31,0.07,36.86,3.13,1.53,17.5,5.4,0,0,0,0,6031000
Uganda,1.79,3.85,0.19,0,13.85,0.07,0.49,6.67,1.49,1.52,0.02,0.09,1.7,5.57,0.02,8.74,0.02,0,2.66,0,46.15,4.62,0.49,4.1,41,0.09,0,0.03,0.05,45741000
Ukraine,1.53,9.88,1.28,0,20.08,0.91,0.35,1.15,3.38,3.84,0.02,0.12,0.03,0.3,0.03,3.97,0.18,0,6.77,0.21,40.11,4.05,1.81,26.1,3.5,3.08,0.06,2.65,0.36,41778000
United Arab Emirates,0,8.85,0.95,0,20.93,0.43,0.61,2.61,3.68,3.07,0.24,0.12,0.95,3.76,0.59,0.39,0.1,0,5.5,1.16,41.14,3.51,1.41,29.9,2.6,3.31,0.01,3.08,0.22,9778000
United Kingdom,2.22,14.22,1.56,0,13.42,0.63,0.53,1.98,6.56,4.84,0.29,0.1,0.55,0.51,0.16,2.58,0.76,0,5.31,0.32,35.78,6.67,1.01,29.5,0,5.87,0.17,0.02,5.69,67160000
United Republic of Tanzania,1.06,2.73,0.31,0,20.41,0.02,0.29,2.5,0.92,1.19,0,0,2.23,4.88,0.06,7.58,0.02,0,2.42,0.08,47.27,5.36,0.65,7.1,30.7,0,0,0,0,59734000
United States of America,2.14,13.62,1.3,0,10.78,0.78,0.48,1.78,6.11,4.93,0,0.01,0.9,0.46,0.11,1.25,0.29,0,8,0.48,36.37,9.28,0.93,37.3,0,8.16,0.14,0,8.02,329878000
Uruguay,1.35,12.18,1.08,0,17.73,0.67,0.29,1.4,5.22,4.84,0.14,0.1,0.59,0.43,0.03,1.59,0.48,0,7.38,0.05,37.81,5.82,0.86,28.9,0,1.27,0.01,1.09,0.17,3531000
Uzbekistan,0.68,10.79,0.61,0,24.82,0.41,0.07,2.22,3.52,6.01,0.03,0.17,0.1,0,0.02,1.62,0.07,0,1.7,0.22,39.22,4.5,3.23,15.3,6.3,0.23,0,0.23,0,34174000
Vanuatu,0.27,7.45,0.67,0,16.1,0.19,1.22,2.29,4.38,0.88,0.08,0.13,10.48,0,0.1,7.91,0.11,0,2.42,0.02,42.54,2.15,0.61,23.5,7.2,0,0,0,0,321000
Venezuela (Bolivarian Republic of),0.85,7.23,0.6,0,21.31,0.29,0.44,2.38,3.14,2.65,0.02,0.13,0.04,0.73,0,1.36,0.07,0,7.79,0,42.76,7.54,0.67,25.2,21.2,0.45,0,0.42,0.02,28645000
Vietnam,0.72,10.98,0.94,0,26.98,0.29,1.04,1.8,7.83,0.56,0.03,0.31,1.89,0.46,0.43,0.72,0.1,0.15,2.09,0.36,39.04,1.33,1.96,2.1,9.3,0,0,0,0,96209000
Yemen,0,3.47,0.34,0,32.07,0.15,0.17,1.19,2.01,0.65,0.05,0.12,0.17,1.21,0.05,0.32,0.12,0,7.03,0.02,46.55,3.95,0.36,14.1,38.9,0.01,0,0,0,29826000
Zambia,1.19,3.3,0.32,0,31.55,0.2,0.57,0.22,1.52,0.52,0.05,0.15,3.18,0.3,0.07,4.1,0.02,0,2.56,0,46.71,3.01,0.45,6.5,46.7,0.33,0,0.29,0.04,18384000
Zimbabwe,1.43,3.94,0.69,0,29.8,0.14,0.16,0.44,1.75,1.08,0.05,0.09,0.69,0.62,0.05,1.29,0.05,0,5.04,0.12,46.08,6.26,0.25,12.3,51.3,0.23,0.01,0.19,0.03,14863000
