Country,Alcoholic Beverages,Animal fats,Animal Products,"Aquatic Products, Other",Cereals - Excluding Beer,Eggs,"Fish, Seafood",Fruits - Excluding Wine,Meat,Milk - Excluding Butter,Miscellaneous,Offals,Oilcrops,Pulses,Spices,Starchy Roots,Stimulants,Sugar & Sweeteners,Sugar Crops,Treenuts,Vegetable Oils,Vegetables,Vegetal Products,Obesity,Undernourished,Confirmed,Deaths,Recovered,Active,Population
Afghanistan,0,0.2,9.43,0,24.81,0.21,0.04,5.35,1.2,7.58,0.07,0.21,0.07,0.3,0.06,0.88,0.31,1.35,0,0.08,0.53,6.76,40.56,4.5,29.8,0.14,0.01,0.12,0.01,38928000
Albania,1.67,0.14,18.77,0,5.78,0.58,0.21,6.79,1.88,15.72,0.11,0.23,0.94,0.24,0,1.81,0.11,1.54,0,0.15,0.33,11.78,31.23,22.3,6.2,2.97,0.05,1.79,1.12,2838000
Algeria,0.27,0.03,9.63,0,13.68,0.53,0.24,6.38,1.13,7.62,0.17,0.09,0.35,0.48,0.06,4.13,0.22,1.83,0,0.12,1.03,11.65,40.37,26.6,3.9,0.24,0.01,0.17,0.07,44357000
Angola,5.81,0.06,4.93,0,9.11,0.06,1.77,6,2.06,0.83,0.12,0.16,0.42,0.65,0,18.11,0.05,1.85,0,0.01,0.65,2.3,45.07,6.8,25,0.06,0,0.06,0,32522000
Antigua and Barbuda,3.58,0.01,16.66,0,6,0.23,4.15,10.75,5.69,6.37,0.71,0.22,0.22,0.18,0.15,1.45,0.16,3.87,0,0.03,0.81,5.45,33.32,19.1,0,0.29,0.01,0.19,0.1,98000
Argentina,4.27,0.22,19.35,0,8.41,1,0.47,6.04,7.04,10.23,0,0.38,0.01,0.05,0.01,3.04,0.44,3.05,0,0.02,0.95,4.35,30.66,28.5,4.6,4.36,0.11,3.91,0.34,45377000
Armenia,0.4,0.18,13.56,0,7.3,0.58,0.29,6.1,2.27,9.94,0.24,0.3,0.09,0.14,0.01,2.04,0.19,2.66,0,0.11,0.47,16.7,36.44,20.9,4.3,5.68,0.11,5.4,0.18,2956000
Australia,5.54,0.31,21.42,0,5.5,0.44,1.43,4.19,6.7,12.1,0.53,0.42,0.37,0.05,0.05,2.79,0.29,2.54,0,0.32,1.28,5.14,28.58,30.4,0,0.11,0,0.1,0.01,25754000
Austria,7.02,0.86,19.57,0,6.21,0.79,0.76,4.61,4.68,12.38,0,0.11,0.27,0.05,0.05,3.05,0.41,2.61,0,0.24,0.81,5.11,30.43,21.9,0,4.74,0.09,4.5,0.15,8914000
Azerbaijan,3.6,0.25,11.64,0,13.09,0.56,0.2,4.8,2.15,8.32,0.01,0.15,0.01,0.03,0,4.7,0.06,1.55,0,0.19,0.22,10.08,38.36,19.9,0,2.29,0.03,2.23,0.03,10108000
Bahamas,2.02,0.01,11.47,0,3.72,0.63,2.41,13.27,5.93,2.18,2.93,0.32,0.7,0.05,0.09,1.05,0.16,6.22,0,0.05,0.51,7.76,38.52,32.1,0,2.1,0.04,1.74,0.32,393000
Bangladesh,0,0.02,5.19,0,29.8,0.3,2.52,2.87,0.42,1.88,0.02,0.06,0.08,0.71,0.32,5.34,0.05,0.93,0.2,0.09,0.76,3.64,44.8,3.4,14.7,0.32,0,0.28,0.03,169809000
Barbados,3.57,0.22,12.5,0,8.07,0.78,3.28,5.87,5.85,2.2,3.3,0.17,0.87,0.64,0.16,4.08,0.17,4.33,0,0.09,0.87,5.47,37.52,24.8,3.9,0.58,0.01,0.47,0.11,287000
Belarus,3.76,0.34,12.71,0,6.28,0.76,0.84,3.57,4.19,6.21,0.5,0.38,0.07,0,0.01,9.17,0.11,4.02,0,0.14,0.88,8.79,37.29,26.6,0,2.74,0.02,2.61,0.11,9375000
Belgium,5.37,0.86,17.73,0,6.67,0.65,1.13,4.16,3.24,11.63,0,0.22,0.1,0.11,0.04,4.42,0.25,3.65,0,0.13,0.56,6.82,32.26,24.5,0,6.29,0.19,0,6.1,11515000
Belize,3.38,0.08,8.69,0,11.07,0.39,1.03,12.61,3.49,3.63,1.77,0.06,0.39,1.13,0.02,1.06,0.08,3.98,0,0.03,1.02,4.77,41.31,22.4,7.5,2.87,0.07,2.74,0.06,419000
Benin,5.9,0.01,3.75,0,9.62,0.07,1.23,2.95,1.41,0.95,0.15,0.08,0.66,0.74,0.45,19.78,0,0.66,0,0.4,0.74,4.2,46.25,8.2,10.1,0.03,0,0.03,0,12209000
Bolivia,2.9,0.09,11.78,0,12.31,0.66,0.23,7.51,6.41,4.29,0.17,0.1,0.14,0.37,0.04,7.73,0.21,2.57,0,0.71,0.36,3.22,38.22,18.7,17.1,1.95,0.09,1.44,0.42,11633000
Bosnia and Herzegovina,4.79,0.06,12.43,0,8.72,0.26,0.25,4.64,1.82,9.94,0.49,0.11,0.1,0.27,0.39,4.05,0.35,1.64,0,0.08,0.42,11.64,37.56,19.4,0,3.76,0.15,2.96,0.66,3281000
Botswana,4.27,0.34,14.45,0,11.43,0.14,0.36,2.85,2.28,11.02,1.61,0.31,0.2,0.27,0.16,4.76,0.13,4.79,0,0.02,1.01,4.06,35.55,16.1,26.4,1.01,0.01,0.84,0.16,2317000
Brazil,4.36,0.28,17.35,0,8.43,0.5,0.59,6.09,6.48,9.34,0,0.15,0.71,0.93,0.01,3.4,0.3,2.78,1.01,0.05,1.28,3.31,32.65,22.3,0,4.46,0.11,3.98,0.37,211812000
Bulgaria,7.08,0.25,17.25,0.01,8.88,0.59,0.48,3.98,4.01,11.6,0.23,0.31,0.35,0.15,0.6,1.86,0.28,2.36,0,0.08,0.71,6.2,32.74,27.4,3.6,3.23,0.13,2.79,0.3,6927000
Burkina Faso,15.37,0.02,4.66,0,21.2,0.24,0.71,0.66,1.2,2.32,0.14,0.17,1.87,1.43,0.03,0.97,0.02,1.13,0,0.07,0.95,1.5,45.34,4.5,20,0.05,0,0.05,0.01,20903000
Cabo Verde,3.98,0.04,9.76,0,14.8,0.46,1.06,4.64,3.07,5.02,1.12,0.11,0.54,1.14,0.27,3.84,0.17,2.14,0,0.03,0.95,6.63,40.24,10.6,12.6,2.59,0.02,2.46,0.1,556000
Cambodia,4.58,0.04,6.08,0,24.89,0.13,4.24,2.32,1.22,0.33,0.49,0.12,0.79,0.49,0.08,3.05,0.13,2.99,0.84,0.02,0.25,3.01,43.92,3.5,16.4,0,0,0,0,15497000
Cameroon,5.16,0.01,2.93,0,10.31,0.03,1.32,7.22,0.88,0.63,0.07,0.07,0.87,1.47,0.28,11.39,0.02,0.65,0,0.13,0.64,8.86,47.07,9.5,9.9,0.12,0,0.11,0.01,26598000
Canada,4.84,0.81,16.04,0.01,6.42,0.77,1.21,5.07,4.47,8.76,0.61,0.01,0.43,0.63,0.06,3.49,0.41,5.02,0,0.14,1.34,5.5,33.96,31.3,0,2.11,0.05,1.91,0,38190000
Central African Republic,1.74,0.12,6.9,0,3.88,0.05,0.8,4.55,3.73,1.76,0.06,0.43,0.7,0.89,0,27.71,0.2,0.7,0,0,0.72,1.92,43.09,6.3,59.6,0.1,0,0.1,0,4830000
Chad,0.83,0.2,12.28,0,21.6,0.05,1.05,1.07,3.85,5.9,0.06,1.23,3.03,1.41,0,6.99,0.01,1.34,0,0,0.46,0.91,37.72,4.8,37.5,0.02,0,0.02,0,16877000
Chile,4.97,0.18,15.04,0.02,10.86,0.78,0.87,3.91,6.15,7,0.3,0.05,0.26,0.27,0.01,4.72,0.14,3.56,0,0.12,0.54,5.31,34.96,28.8,2.7,3.84,0.1,3.63,0,19470000
China,2.32,0.09,13.42,0.05,8.93,1.21,3.34,4.25,6.07,1.8,1.38,0.86,0.44,0.07,0.04,1.9,0.18,3.11,0.03,0.27,0.58,13.1,36.57,6.6,8.5,0.01,0,0.01,0,1402385000
Colombia,3.1,0.08,12.82,0,8.11,0.81,0.46,11.33,3.55,7.74,0.08,0.17,0.23,0.35,0.03,5.03,0.01,4.75,0.03,0.09,0.95,3.1,37.18,22.1,4.8,4.35,0.11,4.09,0.15,49444000
Congo,4.96,0.01,6.13,0,6.26,0.05,2.39,4,3.27,0.1,0.17,0.3,0.36,0.24,0,23.25,0.02,1.39,0,0,0.67,2.55,43.87,8.4,40.3,0.57,0.01,0.38,0.18,5518000
Costa Rica,1.7,0.15,18.68,0,8.66,0.76,1.33,9.52,3.86,12.45,0.03,0.12,0.29,0.84,0.04,1.57,0.32,3.9,0,0.04,1.44,2.98,31.32,25.7,4.8,3.84,0.05,3.06,0.74,5111000
Cote d'Ivoire,1.45,0.01,2.91,0,11.46,0.16,1.39,4.87,0.96,0.13,0.02,0.26,0.61,0.17,0.12,23.31,0.08,0.79,0,0.54,0.87,2.81,47.08,9,19,0.11,0,0.11,0.01,26175000
Croatia,4.98,0.23,17.31,0,5.77,0.4,0.92,3.41,3.69,11.88,0,0.19,0.35,0.04,0.02,1.81,0.25,3.09,0,0.08,0.38,12.52,32.68,27.1,0,5.85,0.13,5.65,0.07,4020000
Cuba,2.06,0.12,10.01,0,9.93,0.53,0.34,9.03,3.28,5.6,0.08,0.15,0.53,1.13,0.01,5.16,0.07,3.16,0,0,0.45,8.37,39.99,26.7,0,0.28,0,0.23,0.05,11281000
Cyprus,3.44,0.03,16.17,0,7.06,0.57,1.82,6.2,5.32,8.27,1.49,0.16,0.41,0.21,0.03,1.77,0.24,4.22,0,0.18,1.19,7.39,33.82,22.6,5.6,2.62,0.02,0.17,2.43,1207000
Czechia,9.85,0.89,17.81,0,5.69,0.5,0.54,3.4,4.76,10.98,0.11,0.13,0.09,0.11,0.03,3.4,0.13,3.81,0,0.05,0.99,4.53,32.19,28.5,0,9.61,0.16,8.56,0.9,10716000
Denmark,4.89,1.24,23.21,0,6.72,0.82,1.18,3.11,3.68,15.96,0,0.33,0.12,0.04,0.08,3.11,0.41,2.87,0,0.11,0.09,5.24,26.78,21.3,0,3.46,0.04,3.31,0.12,5829000
Djibouti,0.38,0.06,5.52,0,20.27,0.13,0.43,3.27,1.74,2.91,1.18,0.26,0.06,1.57,0.15,1.86,0.13,4.2,0,0.04,1.62,9.76,44.46,12.2,18.9,0.6,0.01,0.59,0,988000
Dominica,0.94,0.03,8.9,0,3.4,0.12,1.42,19.3,2.78,4.42,0.67,0.12,1.11,0.23,0.15,6.85,0.26,3.17,0,0,0.38,4.64,41.1,28.2,6.2,0.17,0,0.15,0.02,72000
Dominican Republic,3.21,0.11,11.24,0,6.92,0.64,0.61,18.44,3.5,6.12,0.09,0.26,1.14,0.59,0.03,2.02,0.14,2.13,0,0.01,1.29,2.74,38.76,26.9,9.5,2.12,0.03,1.58,0.51,10500000
Ecuador,3.29,0.13,15.35,0.03,14.91,0.69,0.69,8.04,4.01,9.57,0.15,0.22,0.18,0.16,0.02,2.27,0.01,1.74,0,0.02,1.38,2.5,34.65,19.3,7.9,1.47,0.09,1.2,0.18,17511000
Egypt,0.07,0.09,6.74,0,17.53,0.23,1.58,6.94,1.76,2.76,0.02,0.32,0.65,0.31,0.07,2.69,0.09,1.8,2.03,0.03,0.38,10.66,43.26,31.1,4.5,0.17,0.01,0.13,0.03,100803000
El Salvador,2.17,0.11,12.89,0,11.73,0.75,0.57,5.95,2.63,8.74,0.59,0.08,1.43,1.47,0.01,2.25,0.26,3.53,0,0.02,0.46,7.27,37.1,22.7,9,0.87,0.03,0.78,0.06,6481000
Estonia,6.19,0.46,22.32,0,6.35,0.61,0.71,3.51,3.08,17.31,0.15,0.15,0.05,0.15,0.06,3.24,0.21,2.39,0,0.09,0.35,4.96,27.68,23.8,2.9,3.57,0.03,2.83,0.71,1331000
Eswatini,6.22,0.1,7.41,0,14.78,0.16,0.36,8.55,2.59,3.93,0.67,0.26,0.3,0.36,0.16,5.32,0.06,3.18,0,0.09,0.33,2.57,42.58,13.5,20.6,1.47,0.05,1.04,0.37,1104000
Ethiopia,2.45,0.03,5.3,0,22.08,0.06,0.06,1.18,0.75,4.26,0.02,0.14,0.23,3.02,0.43,11.29,0.3,1.32,0,0.08,0.47,1.84,44.7,3.6,20.6,0.12,0,0.11,0.01,114916000
Fiji,1.86,0.29,7.85,0,10.14,0.27,2.38,2.16,3,1.74,0.26,0.16,4.38,0.77,0.05,7.86,0.12,9.73,0,0.02,0.87,3.93,42.15,30,3.7,0.01,0,0.01,0,896000
Finland,4.5,0.52,26.89,0,5.2,0.4,1.53,3.19,3.49,20.84,0.79,0.11,0.09,0.05,0.02,2.77,0.55,1.84,0,0.05,0.25,3.83,23.11,24.9,0,0.85,0.01,0.56,0.28,5529000
France,4.16,0.79,21.71,0,7,0.61,1.82,4.88,4.4,13.78,0.19,0.3,0.15,0.1,0.02,2.7,0.29,2.61,0,0.21,0.87,5.12,28.29,23.2,0,5.2,0.12,0.37,4.71,64940000
French Polynesia,4.7,0.03,14.36,0.02,7.65,0.54,3.48,4.35,7.08,2.94,3.26,0.27,3.18,0.15,0.01,3.54,0.13,2.87,0.68,0.04,0.97,4.1,35.66,0,4.2,0,0,0,0,280000
Gabon,6.19,0.01,8.18,0,9.12,0.07,2.26,9.03,4.32,0.95,0.48,0.58,0.85,0.01,0,11.87,0.02,1.25,0.12,0.01,0.48,2.4,41.8,13.4,10.5,0.51,0,0.48,0.03,2231000
Gambia,2.84,0.01,10.14,0,21.89,0.2,3.92,0.87,1.11,4.82,0.98,0.08,3.16,0.13,0,0.86,0.27,4.12,0,0.09,2.2,2.46,39.83,8.7,10.2,0.18,0.01,0.16,0.01,2417000
Georgia,2.53,0.24,15.53,0,15.63,0.5,0.66,3.17,2.62,11.36,0.79,0.15,0.08,0,0.02,3.75,0.24,3.31,0,0.16,0.67,4.1,34.46,23.3,7.9,7.04,0.09,6.81,0.15,3715000
Germany,6.77,0.67,20.85,0,6.04,0.59,0.68,3.61,4.65,14.18,0,0.07,0.17,0.04,0.04,3.57,0.35,2.51,0,0.19,0.81,5.05,29.14,25.7,0,2.74,0.07,2.45,0.22,83300000
Ghana,0.94,0.01,2.9,0,6.32,0.07,1.5,10.43,0.81,0.42,0.17,0.09,0.8,0.39,0.24,24.63,0.01,0.81,0.28,0.04,0.37,1.68,47.1,9.7,5.5,0.23,0,0.2,0.02,31073000
Greece,2.29,0.21,17.69,0,7.28,0.45,1.03,6.33,3.78,12.02,0.06,0.19,0.81,0.25,0.02,3.13,0.26,1.77,0,0.67,1.52,7.91,32.3,27.4,0,1.53,0.06,0.88,0.59,10700000
Grenada,3.13,0.13,12.13,0,7.66,0.92,2.58,11.06,5.65,2.72,1.29,0.13,1.38,0.64,0.32,2.22,0.11,5.45,0,0.01,1,3.61,37.86,20.2,0,0.13,0,0.13,0,113000
Guatemala,1.7,0.1,10.38,0,15.16,1.47,0.28,6.71,3.96,4.41,0.03,0.16,0.53,1.65,0.04,1.33,0.29,5.31,0,0.2,0.87,5.8,39.62,18.8,15.2,0.9,0.03,0.82,0.05,18066000
Guinea,0.31,0.02,3.88,0,17.29,0.16,0.89,7.94,1.16,1.47,0.23,0.17,0.95,0.39,0,11.8,0.12,1.34,0,0,1.33,4.43,46.12,6.6,16.5,0.12,0,0.11,0,12560000
Guinea-Bissau,2.46,0.04,4.93,0,21.61,0.1,0.17,6.37,2.22,2.19,0.53,0.21,0.33,0.25,0,8.11,0.02,0.79,0,0.45,1.8,2.36,45.07,8.2,28,0.14,0,0.13,0.02,1927000
Guyana,1.87,0.02,9.12,0,9.78,0.1,1.7,5.8,2.52,4.73,0.35,0.04,1.84,0.39,0.19,1.84,0.07,3.23,0,0.04,0.28,15.21,40.87,19.2,8.1,1.01,0.02,0.88,0.1,787000
Haiti,1.27,0.04,3.6,0,13.42,0.05,0.51,12.03,1.97,0.88,0.33,0.15,0.48,2.01,0,11.48,0.38,2.1,0,0,0.87,2.03,46.4,20.5,49.3,0.1,0,0.08,0.02,11403000
Honduras,2.07,0.14,13.6,0,14.17,0.46,0.33,6.85,3.51,9.02,0.69,0.15,0.17,1.4,0.01,0.68,0.47,5.96,0,0.03,1.25,2.66,36.39,19.4,12.9,1.56,0.04,0.63,0.9,9864000
Hungary,6.75,1.06,20.03,0,7.59,0.89,0.41,3.09,5.2,12.46,0,0.01,0.07,0.19,0.18,3.05,0.1,2.54,0,0.02,0.72,5.68,29.96,28.6,0,3.84,0.13,2.85,0.86,9767000
Iceland,4.75,0.95,23.97,0,4.12,0.56,4.61,4.84,4.63,13,1.4,0.22,0.18,0.04,0.07,1.99,0.46,3.95,0,0.08,0.47,3.69,26.03,23.1,0,1.64,0.01,1.62,0.01,368000
India,0.2,0,11.34,0,17.38,0.31,0.65,5.43,0.36,9.99,0,0.03,0.73,1.57,0.33,2.79,0.08,1.75,0,0.15,0.75,7.52,38.66,3.8,14.5,0.77,0.01,0.75,0.01,1400100000
Indonesia,0.08,0.03,6.26,0,24.39,0.49,3.94,5.51,1.03,0.59,0,0.17,2.21,0.1,0.15,4.63,0.04,1.85,0,0.06,0.86,3.86,43.74,6.9,8.3,0.42,0.01,0.35,0.06,271739000
Iran (Islamic Republic of),0,0.54,7.93,0,14.01,0.49,0.78,7.92,2.4,3.58,0,0.14,0.05,0.47,0.06,3.29,0.13,2.2,0,0.64,0.77,12.52,42.07,25.5,4.9,1.73,0.07,1.48,0.18,84150000
Iraq,0.19,0.04,6.28,0,24.09,1.25,0.45,6.5,2.52,1.99,0.4,0.04,0.3,0.48,0.03,1.08,0.18,3.38,0,0.13,2.01,4.96,43.72,27.4,29,1.58,0.03,1.51,0.04,39725000
Ireland,7.57,0.87,18.57,0,6.31,0.47,1.19,3.4,4.01,11.95,0.3,0.08,0.17,0.13,0.04,3.54,0.19,4.01,0,0.08,0.75,4.95,31.42,26.9,0,4.05,0.07,0.47,3.51,5003000
Israel,1.29,0.1,18.75,0,7.63,0.57,1.47,6.37,5.5,10.91,0.26,0.2,0.52,0.36,0.03,2,0.26,1.77,0,0.23,1.67,8.86,31.25,26.7,0,7.44,0.06,6.61,0.77,9216000
Italy,3.19,0.28,19.03,0,8.54,0.62,1.58,6.02,4.3,12.13,0.04,0.12,0.18,0.28,0.01,1.9,0.29,1.72,0,0.42,1.42,6.95,30.97,22.9,0,4.35,0.15,3.49,0.71,60296000
Jamaica,2.46,0.21,12,0.01,8.5,0.15,1.87,8.07,4.34,5.22,0.7,0.21,1,0.22,0.38,4.58,0.17,4.69,0,0.01,0.76,6.48,38,24.4,8,0.6,0.01,0.44,0.15,2809000
Japan,4.04,0.08,15.32,0.11,12.17,1.7,3.93,2.86,4.26,5.06,0.3,0.19,0.77,0.13,0.1,2.21,0.37,2.21,0.23,0.08,1.34,7.87,34.68,4.4,0,0.32,0.01,0.28,0.03,125967000
Jordan,0.08,0.12,9.32,0,14.14,0.33,0.6,4.66,3.87,4.26,0.36,0.14,0.73,0.64,0.05,2.14,0.37,4.73,0,0.17,1.99,10.63,40.68,33.4,12.2,3.13,0.04,2.99,0.09,10679000
Kazakhstan,2.19,0.36,19.16,0,6.51,0.46,0.24,3.21,3.45,14.36,0.3,0.29,0.12,0.03,0.01,5.48,0.13,1.46,0,0.08,1.12,10.21,30.84,21.3,0,1.3,0.02,1.14,0.14,18732000
Kenya,1.97,0.12,11.44,0,15.12,0.14,0.43,4.69,1.73,8.8,0.03,0.21,0.27,1.75,0.02,7.58,0.22,1.81,0,0.09,0.67,4.35,38.56,6,29.4,0.19,0,0.16,0.03,53528000
Kiribati,0.3,0.05,8.9,0,8.27,0.16,6.11,5.89,2.39,0.16,0.51,0.04,9.99,0,0.01,7.18,0.03,4.14,0,0.2,0.44,4.14,41.1,45.6,2.7,0,0,0,0,125000
"Korea, North",0.9,0,3.39,0,17.94,0.47,1.16,6.14,1.39,0.31,0.07,0.07,0.21,1.1,0,6.24,0.01,0.37,0,0.04,0.78,12.81,46.6,7.1,47.8,0,0,0,0,25779000
"Korea, South",4.87,0.26,11.82,1.68,11.73,0.64,3.44,3.7,4.42,1.14,0,0.24,0.56,0.07,0.03,0.98,0.09,2.48,0,0.17,1.17,12.33,38.18,4.9,0,0.16,0,0.14,0.02,51781000
Kuwait,0,0,10.72,0,11.41,1.33,0.83,5.31,4.88,3.48,0.86,0.2,0.28,0.44,0.2,3.23,0.27,2.92,0.03,0.15,1.2,13,39.28,37,2.8,3.62,0.02,3.43,0.17,4691000
Kyrgyzstan,0.63,0.19,15.46,0,10.11,0.27,0.07,2.28,1.87,12.8,0.21,0.26,0.01,0.34,0.02,5.81,0.06,3.25,0,0.14,0.36,11.32,34.54,15.4,7.1,1.29,0.02,1.24,0.03,6594000
Lao People's Democratic Republic,0.79,0.1,3.66,0,16.39,0.11,1.42,8.82,1.71,0.16,0.34,0.16,0.36,0.15,0.13,3.48,0.99,1.11,1.93,0,0.21,11.64,46.34,4.5,16.5,0,0,0,0,7242000
Latvia,5.46,1.18,18.82,0,6.4,0.66,1.32,2.57,3.66,11.83,0.26,0.17,0.11,0,0.01,6.58,0.2,2.62,0,0.08,0.7,6.19,31.18,25.7,0,3.75,0.07,3.12,0.56,1902000
Lebanon,0.72,0.08,8.07,0,11.83,0.17,0.71,6.99,1.95,5.07,0.07,0.09,0.51,0.5,0.04,3.27,0.36,5.14,0,0.53,1.48,10.51,41.93,31.3,11,4.66,0.05,2.95,1.66,6825000
Lesotho,3.41,0.02,6.09,0,23.46,0.12,0.24,1.81,2.53,2.79,0.39,0.39,0.07,1.16,0.12,7.19,0.04,2.21,0,0.01,0.68,3.37,43.9,13.5,13.1,0.44,0.01,0.13,0.3,2142000
Liberia,1.03,0.03,3.76,0,16.15,0.16,0.78,5.36,2.41,0.15,0.3,0.23,0.42,0.1,0,15.36,0.01,1.12,1.18,0.08,1.96,3.17,46.24,8.6,37.2,0.04,0,0.03,0,5058000
Lithuania,5.54,0.53,23.05,0,6.47,0.7,1.54,2.4,3.79,16.35,0.01,0.13,0.09,0.44,0.05,2.28,0.22,4.5,0,0.06,0.49,4.4,26.95,28.4,0,6.67,0.1,4.94,1.62,2794000
Luxembourg,8.09,0.54,14.6,0.01,5.14,0.79,1.62,4.48,4.05,7.49,0.39,0.1,0.17,0.04,0.06,2.21,1.28,8.11,0,0.03,0.56,4.85,35.38,24.2,0,8.15,0.09,7.66,0.4,632000
Madagascar,0.8,0.04,4.91,0,19.96,0.08,0.63,5.07,1.46,2.5,0.08,0.2,0.18,0.37,0.05,14.47,0.21,1.09,0.59,0.03,0.31,1.89,45.09,4.5,44.4,0.07,0,0.07,0,27691000
Malawi,1.18,0.08,2.78,0,10.62,0.08,0.7,8.47,1.49,0.25,0.04,0.17,0.54,1.18,0.01,20.29,0.04,0.64,0,0.02,0.2,3.98,47.22,4.7,17.5,0.14,0,0.06,0.08,19130000
Malaysia,0.89,0.09,12.64,0.02,17.31,1.66,5.35,4.17,4.91,0.53,0.15,0.08,0.58,0.26,0.45,1.66,0.1,3.9,0,0.08,1.63,6.17,37.36,15.3,2.5,0.73,0,0.57,0.16,32781000
Maldives,0.69,0,14.27,0.01,11.54,1.14,8.8,6.08,2.01,2.32,3.03,0,0.21,0.08,0.34,1.64,0.4,2.98,0.1,0.76,0.18,7.72,35.72,7.9,10.3,3.08,0.01,2.69,0.38,541000
Mali,2.89,0.04,10.16,0,19.86,0.06,0.75,3.9,1.91,7.12,0.18,0.27,0.49,0.8,0.06,2.68,0.06,0.88,0,0.24,0.51,7.29,39.83,7.1,6.3,0.04,0,0.03,0.01,20251000
Malta,3.91,0.21,13.61,0,7.9,0.67,1.79,4.63,4.61,6.25,0.03,0.07,0.29,0.22,0.03,2.06,0.21,5.22,0,0.12,0.49,11.29,36.39,31,0,3.56,0.05,3.05,0.46,522000
Mauritania,0.01,0.11,15.02,0,20.49,0.25,1,1.3,3.4,9.83,0.75,0.43,0.08,1.1,0.01,1.02,0.37,4.32,0,0,1.57,3.98,34.98,11.3,10.4,0.36,0.01,0.34,0.01,4650000
Mauritius,3.08,0.01,9.27,0.01,17.19,0.59,2.13,3.57,4.7,1.72,1.05,0.12,0.45,0.86,0.18,1.83,0.16,3.57,0,0.04,2.05,6.71,40.72,11.5,6.5,0.05,0,0.04,0,1265000
Mexico,4.41,0.17,15.15,0.02,11.43,1.3,0.97,7.68,4.36,7.99,0.03,0.36,0.19,0.71,0.11,1.16,0.02,3.23,0,0.11,0.69,5.07,34.85,28.4,3.6,1.51,0.13,1.16,0.22,127792000
Mongolia,3.14,0.38,25.89,0,10.14,0.37,0.04,1.04,8.09,15.86,0.6,1.14,0.03,0.04,0,2.62,0.14,1.47,0,0.01,0.56,4.33,24.1,19.6,13.4,0.06,0,0.04,0.02,3361000
Montenegro,2.22,0.21,22.83,0,5.04,0.55,0.65,5.73,3.36,17.95,0.85,0.11,0.09,0.21,0.02,1.2,0.26,6.04,0,0.09,0.43,5,27.16,24.9,0,10.41,0.13,9.04,1.23,622000
Morocco,0.29,0.14,8.48,0,18.7,0.48,1.39,7.21,2.51,3.75,0.01,0.19,0.19,0.33,0.12,3.44,0.2,2.68,0,0.25,0.82,7.29,41.52,25.6,3.4,1.32,0.02,1.26,0.04,35952000
Mozambique,1.22,0.03,4.01,0,13.19,0.19,1.14,2.83,0.93,1.64,0.16,0.09,0.13,1.28,0,22.29,0.11,1.06,0,0.2,0.75,2.77,45.99,6,27.9,0.14,0,0.09,0.05,31166000
Myanmar,0.22,0.18,13.52,0,16.76,0.46,4.04,4.03,4.98,3.63,0.34,0.23,1.1,1.28,0.22,1.45,0.23,2.86,0,0.29,0.63,7.07,36.48,5.7,10.6,0,0,0,0,54704000
Namibia,5.47,0.11,9.61,0.01,9.92,0.12,1.02,3.13,2.68,5.45,0.72,0.22,0.08,0.73,0.13,12.82,0.09,3.98,0,0.01,0.95,2.36,40.38,15,27.3,1.37,0.01,1.31,0.04,2541000
Nepal,0.33,0.03,5.44,0,18.15,0.14,0.21,4.74,0.98,3.92,0.06,0.15,0.06,0.91,0.42,6.05,0.03,0.55,3.07,0.1,0.82,9.28,44.56,3.8,8.7,0.91,0.01,0.89,0.01,29996000
Netherlands,4.39,0.33,24.3,0.01,4.97,0.75,1.15,4.92,4.01,18.01,0,0.04,0.11,0.09,0.06,4.26,0.29,2.34,0,0.16,0.85,3.26,25.7,23.1,0,5.82,0.08,0.08,5.66,17467000
New Caledonia,5.04,0.08,11.78,0.08,8.58,0.75,2.04,5.59,5.87,2.77,3.66,0.2,2.3,0.13,0.05,2.56,0.17,3.19,0,0.04,1.32,5.59,38.22,0,7.1,0,0,0,0,295000
New Zealand,5.22,0.74,17.58,0.02,7.75,0.71,1.68,4.02,6.84,7.46,0,0.13,0.33,0.24,0.05,3.37,0.24,3.82,0.01,0.15,0.54,6.69,32.42,32,0,0.05,0,0.04,0,4987000
Nicaragua,1.72,0.08,13.15,0,16.81,0.55,0.66,3.84,3.1,8.55,0.67,0.21,0.34,1.36,0.01,1.91,0.01,5.7,0,0,0.92,3.58,36.84,21.8,17,0.1,0,0.06,0.03,6596000
Niger,0.06,0.12,7.24,0,22.28,0.02,0.2,2.55,1.27,5.42,0.07,0.2,1.48,3.48,0.08,1.35,0.03,0.37,0,0,0.4,10.61,42.76,4.7,16.5,0.02,0,0.02,0,24189000
Nigeria,4,0.02,1.74,0,10.92,0.2,0.72,4.43,0.57,0.17,0.04,0.06,0.48,0.83,0.17,19.53,0.01,0.65,0,0.08,0.86,6.26,48.26,7.8,13.4,0.07,0,0.05,0.01,206140000
North Macedonia,1.9,0.38,12.06,0,7.39,0.28,0.35,5.09,2.07,8.8,0.3,0.18,0.33,0.28,0.13,3.68,0.25,2.91,0,0.18,0.95,14.55,37.93,23.9,3.2,4.55,0.14,4.03,0.38,2080000
Norway,3.79,0.61,21.2,0,5.98,0.62,2.75,4.28,3.61,13.52,3.66,0.09,0.31,0.32,0.02,2.81,0.48,2.27,0,0.1,0.87,3.91,28.79,25,0,1.2,0.01,0.33,0.86,5387000
Oman,0.26,0.06,13.51,0,9.68,0.57,2.01,9.79,3.05,7.63,0.04,0.19,0.13,0.28,0.23,1.7,0.14,2.59,0.01,0.05,0.7,10.89,36.49,22.9,6.8,2.87,0.03,2.7,0.13,4713000
Pakistan,0.01,0.1,22.28,0,14.62,0.36,0.18,2.41,1.8,19.65,0.01,0.2,0.36,0.7,0.16,1.82,0.53,2.67,1.79,0.09,0.34,2.22,27.72,7.8,20.3,0.25,0.01,0.23,0.01,220940000
Panama,6.63,0.25,12.33,0,14.26,0.46,1.01,6.68,4.98,5.35,0.74,0.29,0.46,0.41,0.02,1.38,0.12,4.23,0,0.04,0.76,1.95,37.66,22.5,10,7.62,0.13,6.77,0.72,4283000
Paraguay,3.91,0.22,11.27,0,7.56,0.9,0.31,5.45,4.04,5.32,0.18,0.47,0.27,0.62,0.01,12.53,1.01,2.41,0,0,1.07,3.71,38.73,19,10.7,1.9,0.04,1.56,0.3,7255000
Peru,3.86,0.03,8.66,0,11.81,0.64,1.8,8.58,1.75,4.07,0.07,0.36,0.25,0.64,0.02,8.79,0.25,1.73,0,0.02,0.51,4.8,41.33,19.1,9.7,3.57,0.13,3.31,0.14,32824000
Philippines,1.97,0.31,6.71,0,20.05,0.35,2.45,8.55,3.23,0.1,0.19,0.27,0.54,0.11,0.03,2.88,0.54,2.38,0,0.18,0.41,5.45,43.29,6,13.3,0.49,0.01,0.45,0.03,109581000
Poland,6.82,0.98,16.56,0,7.9,0.37,0.58,3.01,4.85,9.75,0,0.02,0.08,0.11,0.02,5.56,0.15,2.48,0,0.05,0.4,6.87,33.44,25.6,0,4.03,0.1,3.39,0.53,38368000
Portugal,4.71,0.41,18.66,0,6.3,0.41,2.73,6.51,4.52,10.39,0.14,0.21,0.1,0.16,0.02,3.11,0.27,1.73,0,0.23,0.72,7.34,31.34,23.2,0,7.43,0.14,5.85,1.45,10255000
Republic of Moldova,3.83,0.43,16.53,0,11.65,0.68,0.99,3.43,3.26,11,0.51,0.17,0.06,0.06,0.01,3.91,0.08,2.66,0,0.02,0.83,6.43,33.46,20.1,0,4.65,0.1,4.33,0.21,3535000
Romania,4.77,0.35,15.93,0,8.04,0.68,0.28,4.21,3.05,11.4,0.26,0.16,0.1,0.1,0.13,4.71,0.14,1.41,0,0.11,0.73,9.36,34.07,24.5,0,3.86,0.1,3.58,0.18,19241000
Russian Federation,3.74,0.25,16.15,0,8.28,0.9,1.13,3.16,4.32,9.33,0.01,0.22,0.13,0.14,0.01,6.32,0.18,4.61,0,0.01,0.87,6.37,33.85,25.7,0,2.66,0.05,2.32,0.3,146733000
Rwanda,1.36,0.02,2.64,0,3.54,0.03,0.53,15.73,0.63,1.35,0.03,0.09,0.22,2.5,0.02,20.44,0.01,0.58,0,0,0.21,2.72,47.36,4.8,36.8,0.13,0,0.09,0.03,12952000
Saint Kitts and Nevis,4.09,0.17,14.03,0,6.31,0.39,3.42,7.54,7.82,1.9,1.54,0.33,0.95,0.54,0.09,2.72,0.07,6.46,0,0.07,1.39,4.21,35.97,23.1,0,0.07,0,0.07,0.01,54000
Saint Lucia,7.8,0.03,14.89,0,7.21,0.33,3.07,5.95,8.17,2.89,1.61,0.41,0.63,0.57,0.18,2.64,0.06,3.7,0,0.06,0.61,4.12,35.1,19.8,0,1,0.01,0.48,0.51,182000
Saint Vincent and the Grenadines,2.53,0.02,11.09,0,9.01,0.34,1.38,10.47,6.92,2.26,1.93,0.17,0.1,0.65,0.21,4.37,0.29,3.46,0,0.04,0.72,5.14,38.9,23.8,5.7,1.08,0,0.36,0.72,111000
Samoa,1.42,0.23,11.16,0.12,3.68,0.13,2.78,10.78,5.8,1.96,0.78,0.14,10.52,0,0.06,7.69,0.13,2.08,0,0.01,0.51,1.17,38.83,45.5,2.7,0,0,0,0,200000
Sao Tome and Principe,1.52,0.02,4.12,0,7.38,0.06,2.3,18.27,1.21,0.52,0.42,0.02,9.99,0.31,0.03,3.72,0.01,2.59,0,0,0.78,0.86,45.88,10.6,7,0.64,0.01,0.5,0.13,210000
Saudi Arabia,0,0.39,13,0,16.33,0.6,1.04,7.04,4.95,5.86,0.67,0.15,0.15,0.48,0.24,1.45,0.21,2.86,0,0.11,1.76,5.7,37,35,7.1,1.06,0.02,1.03,0.01,35041000
Senegal,0.32,0.04,5.34,0,25.92,0.19,2.06,2.35,1.61,1.25,0.01,0.21,0.76,0.47,0.07,2.62,0.12,2.09,0,0.1,1.93,7.9,44.64,7.4,11.3,0.17,0,0.14,0.03,16744000
Serbia,4.39,0.25,16.75,0,9.75,0.63,0.41,5.98,3.59,11.62,0.01,0.24,0.13,0.18,0.02,2.55,0.24,2.03,0,0.13,0.46,7.39,33.25,23.5,5.7,5.84,0.06,0,5.78,6957000
Sierra Leone,0.3,0.01,5.69,0,19.93,0.13,2.5,3.21,0.78,2.17,0.25,0.09,0.6,0.89,0.06,12.42,0.08,0.63,0,0.1,1.28,4.55,44.31,7.5,25.6,0.05,0,0.03,0.02,7977000
Slovakia,6.13,1.36,18.98,0,5.4,0.94,0.7,3.55,4.31,11.47,0.03,0.21,0.21,0.1,0.04,3.68,0.25,5.52,0,0.11,1.44,4.56,31.02,22.4,3.4,4.79,0.09,4.36,0.34,5462000
Slovenia,4.99,1.12,18.92,0,7.63,0.54,0.65,6.44,4.16,12.26,0.61,0.19,0.13,0.11,0.06,2.68,0.26,2.49,0,0.2,0.47,5,31.08,22.5,0,8.24,0.17,7.31,0.75,2103000
Solomon Islands,0.83,0.1,3.85,0.01,9.02,0.08,2.28,3.28,0.89,0.44,0.56,0.04,5.03,0.74,0.04,24.25,0.09,0.83,0,0.04,0.33,1.12,46.15,20.5,8.9,0,0,0,0,715000
South Africa,6.27,0.06,11.84,0,17.1,0.59,0.54,1.94,5.39,4.82,0,0.44,0.25,0.15,0.05,2.85,0.13,4.47,0,0.01,1.17,3.76,38.16,27,6.2,2.47,0.08,2.25,0.15,59628000
Spain,5.32,0.24,18.34,0,6.05,0.73,2.26,4.83,5.35,9.6,0,0.16,0.27,0.27,0.01,3.1,0.22,1.85,0,0.43,1.51,7.81,31.66,27.1,0,6.18,0.13,0.32,5.73,47635000
Sri Lanka,0.68,0.01,5.53,0,20.78,0.42,3.02,4.12,0.88,1.09,0.03,0.1,7.14,0.96,0.52,1.98,0.28,2.72,0,0.14,0.25,4.88,44.46,5.4,9,0.31,0,0.29,0.03,21937000
Sudan,0,0.1,13.12,0,12.92,0.12,0.1,7.09,2.11,10.41,0.07,0.28,0.49,1.06,0.04,1.92,0.15,3.12,0.73,0,0.94,8.35,36.88,7.4,20.1,0.07,0,0.05,0.01,43849000
Suriname,4.17,0.04,6.8,0,13.95,0.54,1.43,8.69,3.65,1.08,1.24,0.06,0.68,0.17,0.02,2.46,0.09,4.71,0.32,0.02,1.34,5.37,43.19,26.5,8.5,1.43,0.03,1.32,0.09,605000
Sweden,4.42,1.04,24.06,0,6.19,0.73,1.77,3.54,4.15,16.37,0.46,0.01,0.17,0.09,0.05,2.83,0.55,2.52,0,0.1,0.4,4.61,25.93,22.1,0,5.67,0.12,0,5.55,10377000
Switzerland,5,0.48,22.42,0,5.98,0.54,0.91,4.6,3.63,16.71,0,0.15,0.11,0.1,0.04,2.15,0.37,2.97,0,0.24,1.06,4.95,27.57,21.2,0,6.16,0.11,3.68,2.37,8634000
Taiwan*,2.77,0.16,12.13,0.03,10.08,1.09,2.32,8.39,6.06,2.33,0.19,0.15,1.07,0.21,0.1,0.86,0.14,2.35,0.28,0.42,1.83,9.19,37.87,0,3.5,0,0,0,0,23610000
Tajikistan,0.14,0,7.24,0,13.37,0.23,0.03,3.79,1.52,5.24,0.21,0.21,0.13,0.25,0.03,2.93,0.06,1.66,0,0.06,0.84,19.3,42.76,12.6,0,0.14,0,0.14,0,9429000
Thailand,3.62,0.09,7.78,0.03,17.56,1.11,2.63,8.33,2.47,1.33,0.01,0.12,1.28,0.23,0.66,1.89,0.13,4.04,0,0.09,0.78,3.6,42.21,10.8,7.8,0.04,0,0.03,0.01,66534000
Timor-Leste,0.45,0.09,5.5,0,26.33,0.1,1.02,2.1,4.04,0.13,0.89,0.12,0.56,0.91,0.05,5.5,1.01,2.82,0,0,0.68,3.19,44.5,2.9,24.9,0.01,0,0,0,1318000
Togo,1.01,0.03,3.67,0,15.81,0.11,1.32,0.91,1.41,0.72,0.74,0.08,0.47,1.76,0.06,20.07,0.08,1.83,0,0,1.41,2.16,46.33,7.1,16.1,0.07,0,0.05,0.01,8279000
Trinidad and Tobago,2.49,0.28,12.78,0,13.09,0.4,2.33,4.97,6.71,2.88,0.24,0.18,1.2,0.89,0.23,3.51,0.09,5.62,0,0.09,1.26,3.53,37.21,19.7,5.5,0.56,0.01,0.53,0.02,1369000
Tunisia,0.7,0.21,9.63,0,12.05,0.45,0.76,5.43,1.64,6.48,0.01,0.09,0.2,0.43,0.11,1.77,0.2,2.08,0,0.35,1.26,15.77,40.37,27.3,4.3,1.82,0.06,1.45,0.3,11896000
Turkey,0.65,0.15,12.32,0,9.71,0.4,0.26,6.83,2.07,9.36,0.01,0.09,0.27,0.68,0.13,2.49,0.2,1.7,0,0.47,1.02,13.53,37.68,32.2,0,3.02,0.03,2.88,0.1,83737000
Turkmenistan,0.5,0.34,16.06,0,14.8,0.51,0.21,4.14,4.38,10.56,0.25,0.06,0.07,0.1,0,2.3,0.09,0.67,0,0.03,0.57,10.4,33.94,17.5,5.4,0,0,0,0,6031000
Uganda,6.17,0.04,5.65,0,6.75,0.08,1.04,11.31,0.9,3.48,0.04,0.11,0.63,2.39,0.01,12.36,0.01,1.26,0,0,0.74,2.67,44.35,4.1,41,0.09,0,0.03,0.05,45741000
Ukraine,2.63,0.18,13.12,0,9.36,0.84,0.68,2.94,2.74,8.54,0.01,0.13,0.02,0.11,0.01,7.67,0.09,3.88,0,0.08,0.65,9.44,36.88,26.1,3.5,3.08,0.06,2.65,0.36,41778000
United Arab Emirates,0,0.19,10.55,0,12.91,0.6,1.97,8.19,4.94,2.65,0.95,0.21,0.61,2.11,0.32,0.89,0.16,3.66,0,0.58,0.79,8.27,39.45,29.9,2.6,3.31,0.01,3.08,0.22,9778000
United Kingdom,5.26,0.28,18.88,0,6.54,0.62,1.09,4.96,4.42,12.37,0.67,0.11,0.22,0.2,0.07,5.11,0.25,2.44,0,0.09,0.74,4.59,31.11,29.5,0,5.87,0.17,0.02,5.69,67160000
United Republic of Tanzania,4.52,0.04,4.8,0,10.45,0.03,0.58,6.81,0.79,3.36,0.02,0,1.28,2.18,0.03,13.94,0.03,1.03,0,0.04,0.91,3.95,45.2,7.1,30.7,0,0,0,0,59734000
United States of America,4.86,0.17,21.24,0,5.5,0.79,1.13,4.54,6.26,12.87,0,0.02,0.32,0.19,0.05,2.84,0.25,3.32,0,0.18,0.99,5.72,28.76,37.3,0,8.16,0.14,0,8.02,329878000
Uruguay,3.57,0.21,17.89,0,10.25,0.78,0.61,5.37,3.79,12.39,0.39,0.12,0.28,0.19,0.01,3.04,0.62,3.41,0,0.01,1.03,3.93,32.11,28.9,0,1.27,0.01,1.09,0.17,3531000
Uzbekistan,0.68,0.14,14.45,0,10.54,0.36,0.12,5.22,1.86,11.8,0.04,0.17,0.03,0,0,2.89,0.06,0.58,0,0.06,0.61,14.84,35.55,15.3,6.3,0.23,0,0.23,0,34174000
Vanuatu,0.24,0.08,6.62,0,6.41,0.19,2.16,5.81,2.75,1.27,0.29,0.18,12.18,0,0.04,12.73,0.03,1.36,0,0,0.37,3.92,43.37,23.5,7.2,0,0,0,0,321000
Venezuela (Bolivarian Republic of),2.6,0.04,14.76,0,12.93,0.34,0.95,7.65,3.83,9.39,0.07,0.21,0.03,0.33,0,2.56,0.15,3.41,0,0,1.37,4.15,35.24,25.2,21.2,0.45,0,0.42,0.02,28645000
Vietnam,1.46,0.16,8.58,0,16.87,0.31,2.64,5.9,4.44,0.61,0.01,0.41,0.84,0.2,0.21,1.06,0.29,1.28,0.82,0.31,0.22,11.95,41.42,2.1,9.3,0,0,0,0,96209000
Yemen,0.04,0.04,5.79,0,27.21,0.26,0.52,5.13,2.79,1.89,0.2,0.28,0.09,0.86,0.03,1.08,0.22,5.05,0,0,1.08,3.21,44.21,14.1,38.9,0.01,0,0,0,29826000
Zambia,5.74,0.08,6.02,0,21.19,0.34,1.69,1.02,1.84,1.76,0.21,0.3,1.87,0.18,0.05,7.96,0.06,1.56,0,0,0.67,3.46,43.98,6.5,46.7,0.33,0,0.29,0.04,18384000
Zimbabwe,4.06,0.08,8.15,0,22.62,0.27,0.55,2.2,2.61,4.43,0.2,0.21,0.45,0.43,0.03,2.99,0.15,4.65,0,0.05,1.71,2.32,41.85,12.3,51.3,0.23,0.01,0.19,0.03,14863000
