Country,Alcoholic Beverages,Animal Products,Animal fats,"Aquatic Products, Other",Cereals - Excluding Beer,Eggs,"Fish, Seafood",Fruits - Excluding Wine,Meat,Milk - Excluding Butter,Offals,Oilcrops,Pulses,Spices,Starchy Roots,Stimulants,Sugar Crops,Sugar & Sweeteners,Treenuts,Vegetal Products,Vegetable Oils,Vegetables,Miscellaneous,Obesity,Undernourished,Confirmed,Deaths,Recovered,Active,Population
Afghanistan,0,9.75,0.03,0,35.98,0.41,0.06,0.58,3.13,5.53,0.59,0.2,1.25,0.17,0.19,0.55,0,0,0.14,40.25,0,1.14,0.05,4.5,29.8,0.14,0.01,0.12,0.01,38928000
Albania,0.18,27.75,0.07,0,14.23,1.81,0.63,1.28,7.66,16.48,1.11,0.37,1.46,0,0.89,0.26,0,0,0.27,22.26,0.01,3.25,0.05,22.3,6.2,2.97,0.05,1.79,1.12,2838000
Algeria,0.03,13.84,0.01,0,26.56,1.29,0.64,1.16,3.51,8.06,0.33,0.18,2.55,0.18,1.46,0.46,0,0,0.27,36.17,0.03,3.13,0.14,26.6,3.9,0.24,0.01,0.17,0.07,44357000
Angola,0.63,15.23,0.03,0,20.39,0.18,5.44,1.28,7.62,1.15,0.81,2.15,4.09,0,5.19,0.1,0,0.01,0.01,34.78,0.01,0.81,0.09,6.8,25,0.06,0,0.06,0,32522000
Antigua and Barbuda,0.15,33.19,0.13,0,10.51,0.49,8.21,1.26,16.07,7.43,0.85,0.77,0.88,0.34,0.47,0.41,0,0,0.07,16.82,0.04,1.6,0.29,19.1,0,0.29,0.01,0.19,0.1,98000
Argentina,0.17,31.98,0.01,0,13.67,2.06,1.02,0.52,21.63,5.83,1.43,0.01,0.24,0.03,1.31,0.97,0,0,0.04,18.02,0,1.05,0,28.5,4.6,4.36,0.11,3.91,0.34,45377000
Armenia,0.04,22.88,0.14,0,18.27,1.76,0.88,1.11,8.52,10.04,1.54,0.26,0.92,0.02,0.92,0.55,0,0.01,0.22,27.12,0.02,4.66,0.11,20.9,4.3,5.68,0.11,5.4,0.18,2956000
Australia,0.29,32.98,0.07,0,10.93,1.09,2.86,0.52,18.83,8.43,1.69,0.7,0.27,0.12,0.99,0.7,0,0,0.77,17.02,0.05,1.45,0.22,30.4,0,0.11,0,0.1,0.01,25754000
Austria,0.62,30,0.34,0,13.15,2.15,1.84,0.62,13.65,11.5,0.53,1.5,0.24,0.13,1.05,0.73,0,0.01,0.36,20,0.06,1.53,0,21.9,0,4.74,0.09,4.5,0.15,8914000
Azerbaijan,0.35,16.3,0.06,0,28.22,1.41,0.49,0.56,6.86,6.85,0.64,0.05,0.18,0.01,1.77,0.23,0,0,0.34,33.7,0.02,1.91,0.04,19.9,0,2.29,0.03,2.23,0.03,10108000
Bahamas,0.03,34.17,0.09,0,7.81,1.68,5.73,1.88,20.43,4.83,1.42,0.81,0.28,0.24,0.37,0.43,0,0,0.15,15.83,0.03,2.68,1.13,32.1,0,2.1,0.04,1.74,0.32,393000
Bangladesh,0,9.92,0.01,0,31.72,0.72,5.83,0.31,1.28,1.86,0.22,0.6,3.25,0.75,1.96,0.12,0.01,0.03,0.11,40.08,0,1.2,0.02,3.4,14.7,0.32,0,0.28,0.03,169809000
Barbados,0.13,28.22,0.11,0,12.31,1.45,6.69,0.69,13.99,5.39,0.58,1.23,2.66,0.31,1.42,0.36,0,0,0.25,21.78,0.03,1.48,0.91,24.8,3.9,0.58,0.01,0.47,0.11,287000
Belarus,0.34,27.09,0.13,0,13.72,2.29,2.45,0.44,14.24,6.02,1.96,0.52,0.01,0.02,4.16,0.3,0,0,0.35,22.91,0.02,2.86,0.17,26.6,0,2.74,0.02,2.61,0.11,9375000
Belgium,0.55,28.5,0.47,0,13.77,1.96,3,0.62,10.05,11.91,1.1,0.22,0.7,0.12,1.93,0.42,0,0,0.54,21.51,0.11,2.52,0,24.5,0,6.29,0.19,0,6.1,11515000
Belize,0.2,18.94,0.09,0,18.62,0.94,2.31,1.5,10.75,4.6,0.25,1.79,5.99,0.05,0.41,0.29,0,0,0.13,31.06,0.04,1.38,0.66,22.4,7.5,2.87,0.07,2.74,0.06,419000
Benin,0.74,11.16,0.01,0,18.4,0.23,3.69,0.35,5.69,1.09,0.45,3.25,4.28,1.63,7.78,0.02,0,0,0.57,38.84,0,1.75,0.07,8.2,10.1,0.03,0,0.03,0,12209000
Bolivia,0.18,22.69,0.02,0,18.04,1.46,0.56,0.91,17.08,3.21,0.35,0.51,2.07,0.1,3.48,0.49,0,0,0.43,27.31,0.01,0.92,0.16,18.7,17.1,1.95,0.09,1.44,0.42,11633000
Bosnia and Herzegovina,0.53,18.33,0.06,0,19.26,0.79,0.83,0.73,6.71,9.38,0.55,0.69,1.7,1.35,1.86,0.94,0,0.01,0.21,31.66,0.02,4.17,0.22,19.4,0,3.76,0.15,2.96,0.66,3281000
Botswana,0.37,20.29,0.15,0,21.89,0.33,0.82,0.38,8.36,9.4,1.23,1.56,1.32,0.41,1.74,0.31,0,0,0.04,29.71,0.02,1.19,0.5,16.1,26.4,1.01,0.01,0.84,0.16,2317000
Brazil,0.28,29.06,0.13,0,12.17,1.18,1.35,0.78,18.75,7.01,0.64,0.48,4.73,0.02,0.86,0.69,0.02,0.02,0.07,20.94,0.02,0.81,0,22.3,0,4.46,0.11,3.98,0.37,211812000
Bulgaria,0.67,24.99,0.24,0.01,17.57,1.61,1.34,0.75,11.63,8.78,1.37,0.76,0.79,1.63,0.7,0.59,0,0,0.13,25.01,0.02,1.31,0.1,27.4,3.6,3.23,0.13,2.79,0.3,6927000
Burkina Faso,1.37,7.18,0.01,0,29.18,0.45,1.48,0.06,2.98,1.77,0.51,5.76,5.6,0.07,0.25,0.03,0,0,0.09,42.81,0,0.38,0.04,4.5,20,0.05,0,0.05,0.01,20903000
Cabo Verde,0.32,18.53,0.06,0.01,20.57,1,2.3,0.65,8.47,6.32,0.37,0.35,5.21,0.67,1.07,0.29,0,0,0.05,31.47,0.04,1.69,0.56,10.6,12.6,2.59,0.02,2.46,0.1,556000
Cambodia,0.48,14.65,0.02,0,25.84,0.3,10.26,0.3,3.26,0.34,0.47,4.57,2.22,0.2,0.5,0.05,0.02,0,0.04,35.35,0,0.89,0.23,3.5,16.4,0,0,0,0,15497000
Cameroon,0.57,8.11,0.01,0,19.77,0.07,3.42,1.51,3.48,0.81,0.32,3.83,8.98,0.86,3.33,0.1,0,0,0.32,41.89,0.01,2.54,0.08,9.5,9.9,0.12,0,0.11,0.01,26598000
Canada,0.35,25.18,0.69,0,12.92,2.06,2.88,0.69,13.73,5.79,0.04,2.42,3.75,0.15,1.38,0.64,0,0.01,0.55,24.82,0.08,1.59,0.29,31.3,0,2.11,0.05,1.91,0,38190000
Central African Republic,0.2,21.85,0.1,0,8.83,0.15,2.43,1,15.32,1.64,2.21,3.61,5.58,0.01,7.77,0.39,0,0.04,0,28.15,0,0.69,0.03,6.3,59.6,0.1,0,0.1,0,4830000
Chad,0.06,15.44,0.04,0,22.67,0.07,2.27,0.1,7.49,2.77,2.8,6.69,3.74,0,1.11,0.01,0,0,0,34.56,0,0.16,0.01,4.8,37.5,0.02,0,0.02,0,16877000
Chile,0.23,25.69,0.1,0,17.78,1.61,2.04,0.5,16.51,5.23,0.19,0.46,1.4,0.03,1.83,0.32,0,0,0.27,24.32,0.02,1.42,0.07,28.8,2.7,3.84,0.1,3.63,0,19470000
China,0.16,30.64,0.05,0.05,10.89,2.71,5.93,0.44,16.31,2.47,3.13,1.79,0.31,0.08,0.53,0.39,0,0.01,0.61,19.35,0.01,3.68,0.47,6.6,8.5,0.01,0,0.01,0,1402385000
Colombia,0.26,25.69,0.03,0,15.04,2.4,1.44,2.15,12.44,8.42,0.95,0.65,2.35,0.11,1.8,0.13,0.01,0.47,0.22,24.31,0.03,0.99,0.08,22.1,4.8,4.35,0.11,4.09,0.15,49444000
Congo,0.73,23.86,0.01,0,13.2,0.14,7.9,0.9,13.56,0.57,1.67,1.75,1.61,0.01,4.97,0.07,0,0,0.01,26.14,0.02,2.71,0.15,8.4,40.3,0.57,0.01,0.38,0.18,5518000
Costa Rica,0.07,28.08,0.07,0,12.68,1.77,3.57,0.84,10.38,11.79,0.5,1.46,4.29,0.1,0.61,0.55,0,0.01,0.14,21.92,0.01,1.04,0.1,25.7,4.8,3.84,0.05,3.06,0.74,5111000
Cote d'Ivoire,0.19,11.58,0,0,20.1,0.49,4.57,1.1,4.42,0.65,1.44,2.27,1.14,0.43,9.46,1.41,0,0,1,38.42,0.01,1.28,0.03,9,19,0.11,0,0.11,0.01,26175000
Croatia,0.64,29.77,0.12,0,13.49,1.31,3.18,0.58,12.77,11.46,0.94,0.59,0.26,0.08,0.9,0.92,0,0.04,0.25,20.23,0.02,2.47,0,27.1,0,5.85,0.13,5.65,0.07,4020000
Cuba,0.12,18.42,0.01,0,17.57,1.38,0.87,1.17,11.18,4.3,0.68,2.61,6.52,0.03,1.24,0.18,0,0,0,31.58,0,2.11,0.03,26.7,0,0.28,0,0.23,0.05,11281000
Cyprus,0.21,28.43,0.04,0,13.7,1.47,4.27,0.87,14.65,7.36,0.64,1.13,1.13,0.08,0.54,0.64,0,0.01,0.4,21.57,0.01,2.15,0.7,22.6,5.6,2.62,0.02,0.17,2.43,1207000
Czechia,1.17,30.74,0.35,0,12.32,1.48,1.56,0.56,14.74,11.94,0.68,0.32,0.72,0.09,1.58,0.57,0,0.02,0.2,19.26,0.06,1.48,0.16,28.5,0,9.61,0.16,8.56,0.9,10716000
Denmark,0.39,32.39,0.42,0,12.04,2.31,3.73,0.55,12.53,12.01,1.39,0.32,0.19,0.19,0.97,0.92,0,0,0.44,17.61,0.06,1.53,0,21.3,0,3.46,0.04,3.31,0.12,5829000
Djibouti,0.02,9.62,0.02,0,29.55,0.24,0.81,0.37,4.3,3.49,0.76,0.25,6.28,0.27,0.52,0.19,0,0,0.11,40.38,0.01,2.41,0.37,12.2,18.9,0.6,0.01,0.59,0,988000
Dominica,0.04,27.26,0.06,0,11.24,0.42,5.42,2.91,12.26,8.34,0.75,0.71,1.77,0.44,3.26,0.6,0,0,0.01,22.74,0.01,1.46,0.28,28.2,6.2,0.17,0,0.15,0.02,72000
Dominican Republic,0.48,25.69,0.02,0,13.11,2.06,2.02,3.52,12.92,7.14,1.53,0.78,3.78,0.07,0.81,0.41,0,0,0.04,24.31,0,0.96,0.34,26.9,9.5,2.12,0.03,1.58,0.51,10500000
Ecuador,0,22.76,0.1,0.01,22.67,1.6,1.65,1.1,11.09,7.36,0.94,0.64,0.89,0.05,0.87,0.05,0,0,0.03,27.24,0.02,0.78,0.16,19.3,7.9,1.47,0.09,1.2,0.18,17511000
Egypt,0.01,12.5,0.05,0,30.35,0.52,3.49,1.08,5.11,2.09,1.23,0.6,1.68,0.21,0.67,0.2,0.13,0,0.05,37.5,0.01,2.49,0.03,31.1,4.5,0.17,0.01,0.13,0.03,100803000
El Salvador,0.12,17.34,0.05,0,20.59,1.59,1.47,0.8,6.9,7.04,0.31,1.37,6.84,0.03,0.76,0.29,0,0,0.03,32.65,0.03,1.5,0.31,22.7,9,0.87,0.03,0.78,0.06,6481000
Estonia,0.59,28.6,0.22,0,15.08,1.71,1.74,0.5,8.81,15.42,0.7,0.19,0.86,0.17,1.36,0.75,0,0,0.36,21.4,0.02,1.47,0.05,23.8,2.9,3.57,0.03,2.83,0.71,1331000
Eswatini,0.6,14.77,0.05,0,27.01,0.41,0.93,0.74,8.84,3.41,1.13,1.31,1.85,0.43,2,0.15,0,0,0.18,35.24,0,0.77,0.19,13.5,20.6,1.47,0.05,1.04,0.37,1104000
Ethiopia,0.17,4.46,0.01,0,29.73,0.1,0.11,0.11,1.68,2.19,0.37,0.81,10.75,0.77,2.35,0.3,0,0,0.08,45.55,0,0.46,0.01,3.6,20.6,0.12,0,0.11,0.01,114916000
Fiji,0.22,21.11,0.24,0,16.83,0.84,6.33,0.3,10.15,2.73,0.81,1.87,4.69,0.18,2.78,0.34,0,0,0.06,28.89,0.02,1.5,0.08,30,3.7,0.01,0,0.01,0,896000
Finland,0.48,31.22,0.25,0,13.08,1.16,3.83,0.54,11.11,14.37,0.5,0.35,0.31,0.04,1.11,1.08,0,0,0.18,18.78,0.06,1.1,0.43,24.9,0,0.85,0.01,0.56,0.28,5529000
France,0.18,31.08,0.27,0,13.5,1.6,3.91,0.65,12.87,11.16,1.27,0.41,0.51,0.04,0.98,0.74,0,0,0.36,18.92,0.01,1.48,0.05,23.2,0,5.2,0.12,0.37,4.71,64940000
French Polynesia,0.38,33,0.2,0.02,10.71,1.17,7.04,0.39,18.87,4.77,0.92,1.06,0.66,0.03,0.9,0.35,0.03,0,0.12,17,0.02,1.26,1.11,0,4.2,0,0,0,0,280000
Gabon,0.7,24.34,0.02,0,15.13,0.17,5.28,1.65,14.69,1.71,2.47,3.33,0.07,0,3.32,0.1,0.01,0,0.01,25.66,0.01,0.94,0.4,13.4,10.5,0.51,0,0.48,0.03,2231000
Gambia,0.21,13,0.01,0,26.69,0.32,6.74,0.07,2.35,3.37,0.21,8.06,0.42,0.01,0.13,0.42,0,0,0.1,37,0.02,0.64,0.21,8.7,10.2,0.18,0.01,0.16,0.01,2417000
Georgia,0.15,18.43,0.17,0,27.26,1.16,1.48,0.38,6.79,8.23,0.6,0.3,0.01,0.07,1.29,0.64,0,0.01,0.27,31.57,0.03,0.89,0.27,23.3,7.9,7.04,0.09,6.81,0.15,3715000
Germany,0.65,30.27,0.3,0,12.92,1.71,2.06,0.62,13.77,12.05,0.36,0.78,0.24,0.12,1.31,0.67,0,0,0.7,19.73,0.03,1.7,0,25.7,0,2.74,0.07,2.45,0.22,83300000
Ghana,0.15,12.19,0.01,0,16.23,0.27,6.62,2.54,4.11,0.59,0.6,2.56,3.21,1.21,10.82,0.02,0.03,0,0.12,37.82,0.02,0.84,0.07,9.7,5.5,0.23,0,0.2,0.02,31073000
Greece,0.24,26.98,0.1,0,14.54,1.27,2.7,1,10.95,11.07,0.88,0.6,1.36,0.07,1.11,0.63,0,0.01,0.89,23.02,0.03,2.32,0.22,27.4,0,1.53,0.06,0.88,0.59,10700000
Grenada,0.12,30.33,0.06,0,12.24,1.86,5.97,1.45,15.39,6.58,0.46,0.58,2.7,0.57,0.68,0.12,0,0,0.04,19.67,0.03,0.78,0.37,20.2,0,0.13,0,0.13,0,113000
Guatemala,0.08,15.41,0.04,0,23.61,2.62,0.56,0.66,8.72,2.94,0.54,1.43,6.6,0.09,0.25,0.49,0,0,0.1,34.6,0.01,1.18,0.09,18.8,15.2,0.9,0.03,0.82,0.05,18066000
Guinea,0.04,9.23,0.02,0,26.1,0.43,2.44,1.3,4.11,1.48,0.76,3.54,2.16,0,3.04,0.22,0,0,0,40.78,0.01,4.24,0.11,6.6,16.5,0.12,0,0.11,0,12560000
Guinea-Bissau,0.19,10.57,0.03,0,30.77,0.27,0.41,1,6.76,2.19,0.91,1.27,1.34,0,1.88,0.08,0,0,1.89,39.43,0.01,0.79,0.22,8.2,28,0.14,0,0.13,0.02,1927000
Guyana,0.15,22.15,0.01,0,15.79,0.29,4.62,0.88,8.53,8.52,0.18,2.09,2.39,0.62,0.73,0.3,0,0,0.18,27.85,0.03,4.46,0.22,19.2,8.1,1.01,0.02,0.88,0.1,787000
Haiti,0,9.99,0.03,0,22.59,0.13,1.32,1.26,6.14,1.69,0.68,1.31,10.38,0,2.64,0.85,0,0.01,0,40.01,0.01,0.8,0.14,20.5,49.3,0.1,0,0.08,0.02,11403000
Honduras,0.11,17.38,0.02,0,23.52,0.92,0.65,0.75,9.11,6.13,0.55,0.22,6.19,0.03,0.19,0.69,0,0,0.04,32.62,0.02,0.69,0.19,19.4,12.9,1.56,0.04,0.63,0.9,9864000
Hungary,0.53,28.33,0.57,0,15.65,2.41,1.04,0.42,14.48,9.82,0.02,0.26,1,0.19,1.16,0.48,0,0,0.03,21.67,0.11,1.84,0.02,28.6,0,3.84,0.13,2.85,0.86,9767000
Iceland,0.38,35.79,0.33,0,9.38,1.22,9.4,0.64,11.71,12.51,0.62,0.51,0.16,0.13,0.57,0.92,0,0,0.18,14.22,0,0.98,0.36,23.1,0,1.64,0.01,1.62,0.01,368000
India,0.01,11.26,0.03,0,25.28,0.73,1.55,0.67,1.02,7.81,0.12,1.12,7.21,0.82,0.9,0.18,0,0.05,0.18,38.74,0,2.33,0,3.8,14.5,0.77,0.01,0.75,0.01,1400100000
Indonesia,0.01,16.16,0.02,0,27.32,1.28,10.16,0.74,2.92,1.09,0.69,2.35,0.5,0.34,0.75,0.4,0,0.02,0.1,33.84,0,1.3,0.01,6.9,8.3,0.42,0.01,0.35,0.06,271739000
Iran (Islamic Republic of),0,14.43,0.26,0,26.42,1.24,1.91,1.23,7.64,2.82,0.55,0.13,2.4,0.18,0.92,0.33,0,0.01,1.37,35.57,0.01,2.57,0,25.5,4.9,1.73,0.07,1.48,0.18,84150000
Iraq,0.01,11.19,0.03,0,33.72,2.29,0.74,0.78,5.76,2.25,0.11,0.38,1.9,0.05,0.22,0.35,0,0,0.21,38.82,0.02,0.99,0.18,27.4,29,1.58,0.03,1.51,0.04,39725000
Ireland,0.78,28.53,0.31,0,14.05,1.4,3.28,0.85,13.54,9.68,0.3,0.56,0.74,0.1,1.36,0.59,0,0,0.34,21.48,0.04,1.97,0.09,26.9,0,4.05,0.07,0.47,3.51,5003000
Israel,0.11,29.56,0.02,0,12.78,1.28,2.68,0.85,16.54,8.34,0.71,1.54,1.48,0.07,0.68,0.49,0,0,0.51,20.44,0.03,1.79,0.09,26.7,0,7.44,0.06,6.61,0.77,9216000
Italy,0.18,26.72,0.14,0,16.48,1.72,3.78,0.89,12.53,8.02,0.53,0.18,1.48,0.01,0.72,0.6,0,0,0.59,23.28,0.01,1.99,0.15,22.9,0,4.35,0.15,3.49,0.71,60296000
Jamaica,0.1,24.65,0.05,0.01,16.51,0.39,4.86,1.09,12.61,5.75,0.99,0.93,1.23,1.12,1.91,0.32,0,0,0.04,25.35,0.03,1.67,0.37,24.4,8,0.6,0.01,0.44,0.15,2809000
Japan,0.25,27.76,0.01,0.06,12.42,3.57,9.57,0.33,9.81,4.11,0.63,4.98,0.5,0.18,0.51,0.67,0.05,0.05,0.21,22.24,0.03,1.99,0.06,4.4,0,0.32,0.01,0.28,0.03,125967000
Jordan,0.01,17.46,0.03,0,24.22,0.72,1.13,0.62,10.36,4.78,0.44,1.06,2.74,0.09,0.5,0.63,0,0,0.41,32.54,0.01,2.08,0.16,33.4,12.2,3.13,0.04,2.99,0.09,10679000
Kazakhstan,0.24,28.95,0.21,0,14.04,1.33,0.66,0.52,12.48,12.86,1.41,0.43,0.16,0.03,2.37,0.44,0,0,0.32,21.05,0.03,2.32,0.15,21.3,0,1.3,0.02,1.14,0.14,18732000
Kenya,0.17,12.64,0.04,0,24.3,0.31,0.91,0.62,5.19,5.41,0.77,0.44,8.01,0.04,2.09,0.47,0,0,0.13,37.35,0.04,1.03,0.01,6,29.4,0.19,0,0.16,0.03,53528000
Kiribati,0.03,24.96,0.05,0,15.37,0.41,16.11,0.91,7.65,0.6,0.15,4.13,0.02,0.02,2.66,0.07,0,0,0.32,25.03,0,1.37,0.14,45.6,2.7,0,0,0,0,125000
"Korea, North",0.03,10.08,0,0,23.91,1.39,2.96,0.62,5.1,0.33,0.31,1.85,6.28,0,2.49,0.03,0,0,0.06,39.91,0,4.64,0.03,7.1,47.8,0,0,0,0,25779000
"Korea, South",1.04,25.33,0.18,1.07,14.48,1.67,8.35,0.47,11.43,1.64,0.98,2.92,0.35,0.06,0.36,0.23,0,0.06,0.38,24.67,0,4.33,0,4.9,0,0.16,0,0.14,0.02,51781000
Kuwait,0,23.76,0.03,0,17.54,2.69,1.62,0.92,12.21,6.65,0.56,0.48,1.84,0.41,0.94,0.62,0,0,0.41,26.25,0.01,2.7,0.39,37,2.8,3.62,0.02,3.43,0.17,4691000
Kyrgyzstan,0.05,20.23,0.1,0,21.05,0.74,0.2,0.23,6.74,11.31,1.14,0.04,1.99,0.06,2.41,0.35,0,0,0.32,29.76,0.01,3.16,0.1,15.4,7.1,1.29,0.02,1.24,0.03,6594000
Lao People's Democratic Republic,0.05,12.08,0.11,0,25.52,0.34,4.53,1.97,5.99,0.26,0.85,1.86,0.96,0.41,0.54,1.94,0.05,0,0.01,37.92,0.01,4.44,0.16,4.5,16.5,0,0,0,0,7242000
Latvia,0.61,28.58,0.73,0,14.23,1.88,3.96,0.46,10.74,10.45,0.82,0.35,0.02,0.04,2.77,0.66,0,0.01,0.31,21.42,0.03,1.8,0.14,25.7,0,3.75,0.07,3.12,0.56,1902000
Lebanon,0.05,15,0.04,0,23.27,0.46,1.69,1.23,6.96,5.46,0.38,1.26,2.87,0.1,0.98,0.74,0,0,1.24,35.01,0.01,2.97,0.28,31.3,11,4.66,0.05,2.95,1.66,6825000
Lesotho,0.27,9.54,0.01,0,32.49,0.21,0.43,0.18,5.92,1.79,1.17,0.3,4.18,0.21,1.96,0.06,0,0,0.01,40.47,0,0.71,0.09,13.5,13.1,0.44,0.01,0.13,0.3,2142000
Liberia,0.08,12.26,0.03,0,28.66,0.44,2.07,1.24,8.32,0.33,1.09,1.64,0.56,0,3.87,0.05,0.06,0,0.15,37.73,0.01,1.24,0.18,8.6,37.2,0.04,0,0.03,0,5058000
Lithuania,0.53,30.76,0.21,0,12.86,1.77,3.93,0.39,11.25,13.06,0.55,0.34,2.28,0.18,0.86,0.42,0,0,0.23,19.24,0.02,1.08,0.04,28.4,0,6.67,0.1,4.94,1.62,2794000
Luxembourg,0.59,31.77,0.25,0,10.48,2.31,3.96,0.77,14.16,10.61,0.48,0.33,0.24,0.17,0.85,2.54,0,0,0.05,18.23,0.02,1.87,0.33,24.2,0,8.15,0.09,7.66,0.4,632000
Madagascar,0.09,10.71,0.03,0,31.17,0.22,1.78,0.88,5.39,2.32,0.98,0.17,2.14,0.13,3.47,0.38,0.05,0,0.05,39.28,0,0.72,0.02,4.5,44.4,0.07,0,0.07,0,27691000
Malawi,0.15,8.42,0.1,0,23.98,0.24,2.07,1.43,4.95,0.26,0.8,3.27,6.67,0.04,4.7,0.08,0,0,0.04,41.57,0,1.18,0.02,4.7,17.5,0.14,0,0.06,0.08,19130000
Malaysia,0.08,27.37,0.06,0.01,16.61,3.57,10.56,0.41,11.36,1.53,0.27,0.63,1.05,0.93,0.37,0.19,0,0,0.15,22.63,0.01,1.77,0.44,15.3,2.5,0.73,0,0.57,0.16,32781000
Maldives,0.04,30.04,0.06,0,13.45,2.11,18.08,0.64,4.94,4.84,0.01,0.38,0.31,0.66,0.43,0.52,0.02,0.01,1.05,19.96,0.01,1.76,0.69,7.9,10.3,3.08,0.01,2.69,0.38,541000
Mali,0.24,13.66,0.02,0,27.65,0.12,1.33,0.45,5.61,5.68,0.91,1.21,3.59,0.14,0.75,0.12,0,0.01,0.37,36.35,0,1.77,0.05,7.1,6.3,0.04,0,0.03,0.01,20251000
Malta,0.26,28.78,0.07,0,13.74,1.61,3.63,0.58,13.99,9.2,0.28,0.58,1.03,0.08,0.7,0.62,0,0,0.37,21.23,0.02,3.15,0.1,31,0,3.56,0.05,3.05,0.46,522000
Mauritania,0,18.44,0.02,0,25.34,0.45,1.63,0.23,7.23,7.97,1.13,0.33,3.83,0.01,0.24,0.6,0,0,0,31.56,0.01,0.83,0.14,11.3,10.4,0.36,0.01,0.34,0.01,4650000
Mauritius,0.23,21.85,0.05,0.01,20.51,1.03,4.12,0.36,10.54,5.75,0.34,0.78,3.27,0.37,0.44,0.38,0,0,0.1,28.15,0.02,1.33,0.36,11.5,6.5,0.05,0,0.04,0,1265000
Mexico,0.28,23.44,0.01,0.02,19.37,2.86,2.33,0.9,11.12,5.69,1.42,0.69,3.11,0.35,0.31,0.08,0,0.04,0.14,26.56,0.02,1.25,0.01,28.4,3.6,1.51,0.13,1.16,0.22,127792000
Mongolia,0.24,34.07,0.11,0,13.09,0.78,0.1,0.09,19.81,9.77,3.5,0.09,0.15,0.01,0.8,0.4,0,0,0.02,15.93,0.02,0.86,0.17,19.6,13.4,0.06,0,0.04,0.02,3361000
Montenegro,0.16,30.3,0.09,0,13.72,1.56,1.66,0.91,11.54,14.95,0.51,0.32,1.24,0.05,0.51,0.82,0,0,0.26,19.7,0.02,1.35,0.33,24.9,0,10.41,0.13,9.04,1.23,622000
Morocco,0.02,13.99,0.03,0,29.91,0.99,3.25,0.85,6.57,2.53,0.63,0.08,1.56,0.32,1,0.35,0,0,0.48,36.01,0.01,1.42,0.02,25.6,3.4,1.32,0.02,1.26,0.04,35952000
Mozambique,0.16,8.78,0,0,24.96,0.55,3.25,0.58,3.03,1.56,0.4,0.62,7.65,0.01,5.78,0.28,0,0,0.23,41.22,0,0.86,0.08,6,27.9,0.14,0,0.09,0.05,31166000
Myanmar,0.02,23.93,0.09,0,16,0.85,8.78,0.4,10.27,3.22,0.7,1.63,4.6,0.43,0.28,0.31,0,0.26,0.25,26.08,0,1.82,0.08,5.7,10.6,0,0,0,0,54704000
Namibia,0.39,18.31,0.05,0.01,19.52,0.32,2.76,0.43,9.61,4.62,0.94,0.47,4.13,0.35,5.08,0.25,0,0,0.04,31.69,0.02,0.76,0.23,15,27.3,1.37,0.01,1.31,0.04,2541000
Nepal,0.04,8.59,0.03,0,28.06,0.39,0.57,0.61,3.14,3.76,0.69,0.16,5.09,1.13,2.46,0.1,0.08,0.01,0.16,41.41,0.01,3.49,0.03,3.8,8.7,0.91,0.01,0.89,0.01,29996000
Netherlands,0.38,32.71,0.06,0,10.9,2.11,3.26,0.93,13.33,13.79,0.15,0.19,0.47,0.16,1.65,0.34,0,0,0.59,17.29,0.04,1.63,0,23.1,0,5.82,0.08,0.08,5.66,17467000
New Caledonia,0.33,29.18,0.19,0.02,13.65,1.69,3.92,0.66,15.37,7.29,0.7,1.21,0.57,0.1,0.74,0.46,0,0,0.11,20.82,0.04,1.76,1.18,0,7.1,0,0,0,0,295000
New Zealand,0.3,28.54,0.15,0.02,14.1,1.68,3.65,0.67,18.09,4.43,0.52,1.29,1.2,0.12,1.18,0.35,0.01,0.01,0.55,21.45,0.01,1.69,0,32,0,0.05,0,0.04,0,4987000
Nicaragua,0.09,16.67,0.03,0,23.89,1.12,1.22,0.42,7.59,5.93,0.78,0.99,6.16,0.01,0.46,0.08,0,0,0.01,33.34,0.01,0.85,0.37,21.8,17,0.1,0,0.06,0.03,6596000
Niger,0.01,7.62,0.02,0,22.3,0.04,0.36,0.27,3.13,3.47,0.59,4.1,13.19,0.16,0.26,0.05,0,0,0,42.38,0,2.02,0.02,4.7,16.5,0.02,0,0.02,0,24189000
Nigeria,0.46,6.38,0.01,0,24.43,0.63,2.38,0.72,2.43,0.6,0.32,3.01,5.72,0.51,5.97,0.02,0,0,0.22,43.63,0,2.53,0.03,7.8,13.4,0.07,0,0.05,0.01,206140000
North Macedonia,0.26,20.41,0.06,0,17.4,1.02,0.99,0.92,8.32,9.08,0.95,1.16,1.89,0.46,1.64,0.9,0,0,0.4,29.59,0.02,4.37,0.16,23.9,3.2,4.55,0.14,4.03,0.38,2080000
Norway,0.32,29.28,0.31,0,11.98,1.64,6.7,0.68,10.49,9.77,0.36,1.11,1.67,0.05,1.04,1.09,0,0,0.37,20.72,0.11,1.2,1.09,25,0,1.2,0.01,0.33,0.86,5387000
Oman,0.03,24.79,0.03,0,16.45,1.42,4.57,2.43,9.46,8.62,0.69,0.28,1.44,0.57,0.64,0.38,0,0,0.18,25.22,0.01,2.67,0.15,22.9,6.8,2.87,0.03,2.7,0.13,4713000
Pakistan,0,21.03,0.06,0,20.87,0.75,0.42,0.29,4.48,14.69,0.63,2.35,2.95,0.41,0.57,0.3,0.04,0.02,0.11,28.97,0.11,0.94,0.02,7.8,20.3,0.25,0.01,0.23,0.01,220940000
Panama,0.43,26.55,0.1,0.01,16.56,1.03,3.11,0.91,13.74,7.37,1.19,1.38,2.08,0.03,0.45,0.32,0,0.01,0.13,23.44,0.03,0.66,0.48,22.5,10,7.62,0.13,6.77,0.72,4283000
Paraguay,0.42,23.35,0.15,0,15.4,2.28,0.87,0.62,13.21,4.67,2.18,1.2,3.52,0.03,1.88,2.58,0,0,0.01,26.64,0.01,0.85,0.13,19,10.7,1.9,0.04,1.56,0.3,7255000
Peru,0.24,18.82,0.01,0,18.81,1.55,4.65,0.7,7.63,3.42,1.57,1.75,3.69,0.04,3.63,0.58,0,0,0.04,31.18,0.01,1.61,0.08,19.1,9.7,3.57,0.13,3.31,0.14,32824000
Philippines,0.19,20.51,0.32,0,23.28,1.02,6.64,1.28,9.67,1.63,1.24,0.69,0.61,0.08,0.61,0.41,0,0.03,0.26,29.49,0,1.99,0.06,6,13.3,0.49,0.01,0.45,0.03,109581000
Poland,0.73,26.88,0.5,0,16.53,1.02,2.68,0.47,15.73,6.88,0.07,0.26,0.59,0.05,2.16,0.31,0,0,0.16,23.11,0.06,1.79,0,25.6,0,4.03,0.1,3.39,0.53,38368000
Portugal,0.29,31.76,0.36,0,11.84,1.17,6.74,0.84,14.7,7.86,0.94,0.15,0.85,0.04,1.24,0.62,0,0,0.33,18.24,0.04,1.96,0.04,23.2,0,7.43,0.14,5.85,1.45,10255000
Republic of Moldova,0.32,24.32,0.21,0,20.47,1.84,2.56,0.51,9.97,9.03,0.72,0.1,0.36,0.02,1.58,0.25,0,0,0.03,25.69,0.02,1.81,0.21,20.1,0,4.65,0.1,4.33,0.21,3535000
Romania,0.59,24.48,0.07,0,17.48,2.09,0.79,0.66,9.82,10.94,0.78,0.25,0.6,0.42,2.03,0.42,0,0.01,0.19,25.52,0.02,2.73,0.13,24.5,0,3.86,0.1,3.58,0.18,19241000
Russian Federation,0.34,27.39,0.08,0,16.21,2.31,3.25,0.41,12.6,8.16,0.98,0.37,0.76,0.03,2.41,0.35,0,0,0.04,22.61,0.02,1.62,0.04,25.7,0,2.66,0.05,2.32,0.3,146733000
Rwanda,0.55,7.39,0.01,0,9.24,0.09,2.12,3.87,3,1.68,0.49,2.06,18.25,0.07,7.64,0.05,0,0,0,42.61,0,0.87,0.02,4.8,36.8,0.13,0,0.09,0.03,12952000
Saint Kitts and Nevis,0.32,32.02,0.11,0,10.95,0.78,5.18,0.84,19.66,5.15,1.14,0.86,2.28,0.19,0.71,0.12,0,0,0.21,17.98,0.06,0.86,0.58,23.1,0,0.07,0,0.07,0.01,54000
Saint Lucia,0.34,30.19,0.06,0,12.77,0.58,5.44,0.76,18.02,4.8,1.31,0.86,2.34,0.33,0.67,0.21,0,0,0.15,19.82,0.05,0.93,0.41,19.8,0,1,0.01,0.48,0.51,182000
Saint Vincent and the Grenadines,0.17,27.11,0.03,0,14.06,0.74,2.94,1.32,17.96,4.84,0.61,0.56,2.87,0.31,1.17,0.35,0,0,0.11,22.89,0.03,1.45,0.5,23.8,5.7,1.08,0,0.36,0.72,111000
Samoa,0.19,30.91,0.13,0.13,8.47,0.4,7.38,1.7,19.39,2.79,0.68,3.59,0,0.16,3.59,0.52,0,0.01,0.03,19.09,0.01,0.54,0.3,45.5,2.7,0,0,0,0,200000
Sao Tome and Principe,0.07,15.21,0.06,0,22.16,0.19,8.33,4.65,5,1.52,0.12,3.14,2.21,0.06,1.65,0.03,0,0,0.01,34.79,0.02,0.59,0.21,10.6,7,0.64,0.01,0.5,0.13,210000
Saudi Arabia,0,21.14,0.14,0,22.58,1.12,1.74,1.23,11.32,6.4,0.43,0.27,1.83,0.41,0.31,0.45,0,0,0.28,28.86,0.01,1.1,0.39,35,7.1,1.06,0.02,1.03,0.01,35041000
Senegal,0.02,10.73,0.02,0,31.85,0.39,4.19,0.23,4.36,1.08,0.7,2.31,2.1,0.16,0.62,0.21,0,0,0.15,39.27,0.02,1.56,0.04,7.4,11.3,0.17,0,0.14,0.03,16744000
Serbia,0.42,24.25,0.05,0,19.25,1.68,1.13,0.87,10.9,9.47,1.01,0.54,0.99,0.07,1,0.57,0,0.01,0.22,25.75,0.04,1.76,0.02,23.5,5.7,5.84,0.06,0,5.78,6957000
Sierra Leone,0.04,11.93,0,0,24.75,0.36,6.57,0.45,2.69,1.9,0.4,2.35,5.09,0.2,2.98,0.14,0,0,0.23,38.07,0.01,1.72,0.11,7.5,25.6,0.05,0,0.03,0.02,7977000
Slovakia,0.8,29.43,0.98,0,12.87,3.09,2.1,0.61,13.86,8.28,1.12,0.97,0.67,0.15,1.76,0.66,0,0.02,0.32,20.58,0.06,1.55,0.14,22.4,3.4,4.79,0.09,4.36,0.34,5462000
Slovenia,0.55,27.49,0.66,0,15.51,1.51,1.65,0.8,12.8,9.99,0.88,0.46,0.63,0.18,1.12,0.87,0,0.01,0.5,22.51,0.04,1.68,0.19,22.5,0,8.24,0.17,7.31,0.75,2103000
Solomon Islands,0.14,14.78,0.08,0.02,15.02,0.32,9.11,0.55,3.94,1.06,0.24,1.98,5.46,0.14,10.97,0.17,0,0,0.08,35.22,0,0.48,0.23,20.5,8.9,0,0,0,0,715000
South Africa,0.47,20.72,0.01,0,24.9,1.24,0.97,0.23,13.91,2.96,1.62,1.16,0.62,0.13,0.78,0.17,0,0,0.03,29.28,0,0.8,0,27,6.2,2.47,0.08,2.25,0.15,59628000
Spain,0.49,31.06,0.06,0,11.25,2.01,5.76,0.71,15.27,7.27,0.68,0.6,1.36,0.02,1.12,0.64,0,0,0.63,18.94,0.01,2.11,0,27.1,0,6.18,0.13,0.32,5.73,47635000
Sri Lanka,0.07,14.55,0,0,23.74,1.02,7.5,0.54,2.43,3.21,0.39,2.47,4.46,1.33,0.48,0.64,0,0,0.16,35.45,0,1.51,0.04,5.4,9,0.31,0,0.29,0.03,21937000
Sudan,0,15.56,0.01,0,23.83,0.26,0.23,0.96,5.94,8.22,0.91,1.78,5.03,0.09,0.51,0.25,0.03,0,0,34.43,0,1.93,0.02,7.4,20.1,0.07,0,0.05,0.01,43849000
Suriname,0.3,20.49,0.02,0,20.72,1.42,3.92,1.33,11.3,3.56,0.28,1.7,1.02,0.07,0.88,0.35,0.02,0,0.06,29.5,0.02,2.42,0.61,26.5,8.5,1.43,0.03,1.32,0.09,605000
Sweden,0.36,31.54,0.53,0,12.27,1.99,3.99,0.58,13.3,11.71,0.03,0.54,0.5,0.12,1.05,1.07,0,0,0.36,18.46,0.09,1.34,0.17,22.1,0,5.67,0.12,0,5.55,10377000
Switzerland,0.41,30.6,0.07,0.01,13.29,1.67,2.27,0.8,11.71,14.12,0.76,0.44,0.6,0.12,0.92,0.25,0,0.01,0.87,19.4,0.02,1.67,0,21.2,0,6.16,0.11,3.68,2.37,8634000
Taiwan*,0.24,24.76,0.04,0.02,12.97,2.41,4.51,0.78,14.79,2.44,0.56,6.01,0.93,0.2,0.24,0.36,0.01,0,0.54,25.24,0.01,2.86,0.1,0,3.5,0,0,0,0,23610000
Tajikistan,0.01,12.14,0,0,28.22,0.65,0.09,0.58,5.56,4.89,0.96,0.67,1.48,0.09,1.25,0.24,0,0,0.14,37.86,0.01,5.05,0.11,12.6,0,0.14,0,0.14,0,9429000
Thailand,0.34,21.46,0.02,0.03,19.86,3.19,8.29,0.99,7.34,2.04,0.55,1.94,1.24,1.86,0.45,0.35,0,0,0.11,28.54,0.02,1.35,0.03,10.8,7.8,0.04,0,0.03,0.01,66534000
Timor-Leste,0.04,13.57,0.1,0,26.87,0.22,1.95,0.27,10.63,0.28,0.38,2.16,3.6,0.09,1.01,1.25,0,0,0,36.44,0.01,0.94,0.2,2.9,24.9,0.01,0,0,0,1318000
Togo,0.1,8.03,0.02,0,26.09,0.24,2.74,0.12,3.94,0.82,0.28,1.46,7.88,0.15,4.97,0.14,0,0,0,41.97,0,0.86,0.2,7.1,16.1,0.07,0,0.05,0.01,8279000
Trinidad and Tobago,0.09,24.96,0.05,0,16.73,0.74,4.06,0.47,13.57,5.97,0.56,1.05,3.24,0.41,1.06,0.2,0,0,0.21,25.04,0.04,0.99,0.56,19.7,5.5,0.56,0.01,0.53,0.02,1369000
Tunisia,0.07,14.25,0.09,0,25.14,1.14,1.78,0.83,5.38,5.49,0.37,1.1,2.38,0.36,0.64,0.42,0,0,0.85,35.76,0.07,3.85,0.04,27.3,4.3,1.82,0.06,1.45,0.3,11896000
Turkey,0.07,17.67,0.04,0,20.5,1.16,0.69,0.99,7.28,8.14,0.37,0.65,3.47,0.38,1.08,0.53,0,0,0.83,32.33,0.07,3.71,0.04,32.2,0,3.02,0.03,2.88,0.1,83737000
Turkmenistan,0,21.56,0.05,0,24.32,1.12,0.47,0.43,12.36,7.36,0.2,0.2,0.47,0.01,0.75,0.27,0,0,0.06,28.44,0.02,1.83,0.09,17.5,5.4,0,0,0,0,6031000
Uganda,0.74,10.39,0.04,0,13.78,0.24,3.22,2.62,3.29,3.05,0.55,2.65,14.99,0.05,3.73,0.04,0,0,0,39.6,0,0.99,0.02,4.1,41,0.09,0,0.03,0.05,45741000
Ukraine,0.31,21.69,0.07,0,20.35,2.45,1.83,0.45,9.07,7.6,0.67,0.02,0.67,0.03,3.34,0.2,0,0,0.17,28.31,0.05,2.69,0.03,26.1,3.5,3.08,0.06,2.65,0.36,41778000
United Arab Emirates,0,20.42,0.06,0,16.25,1.03,2.95,0.89,10.34,5.48,0.55,0.88,7.54,0.6,0.22,0.23,0,0,0.99,29.58,0,1.76,0.24,29.9,2.6,3.31,0.01,3.08,0.22,9778000
United Kingdom,0.48,28.11,0.07,0,13.85,1.67,2.52,0.73,14.58,8.84,0.43,0.74,1.09,0.17,1.96,0.78,0,0,0.3,21.89,0,1.47,0.33,29.5,0,5.87,0.17,0.02,5.69,67160000
United Republic of Tanzania,0.54,7.81,0.01,0,19.24,0.08,1.86,1.46,2.99,2.88,0,2.94,12.37,0.08,4,0.06,0,0.01,0.09,42.18,0,1.39,0.02,7.1,30.7,0,0,0,0,59734000
United States of America,0.29,32.48,0.03,0,10.46,2,2.39,0.59,18.09,9.88,0.09,1.27,1.03,0.12,1.06,0.63,0,0.07,0.49,17.52,0.08,1.4,0,37.3,0,8.16,0.14,0,8.02,329878000
Uruguay,0.16,26.71,0.02,0,16.44,1.92,1.57,0.66,11.77,10.92,0.52,0.65,1.06,0.04,1.09,1.69,0,0.01,0.05,23.29,0.03,1.25,0.17,28.9,0,1.27,0.01,1.09,0.17,3531000
Uzbekistan,0.06,20.02,0.04,0,23.37,1.03,0.36,0.77,7.2,10.57,0.83,0.13,0.01,0.02,1.25,0.16,0,0,0.17,29.98,0.01,4,0.03,15.3,6.3,0.23,0,0.23,0,34174000
Vanuatu,0.01,19.87,0.09,0,14.64,0.61,6.8,1.15,9.85,1.61,0.91,6.68,0.01,0.12,5.73,0.09,0,0,0.02,30.12,0.01,1.58,0.1,23.5,7.2,0,0,0,0,321000
Venezuela (Bolivarian Republic of),0.2,22.54,0.12,0,21.65,0.87,2.65,1.07,11.83,6.31,0.76,0.04,1.94,0,1.12,0.33,0,0.02,0,27.45,0.05,1.01,0.03,25.2,21.2,0.45,0,0.42,0.02,28645000
Vietnam,0.16,20.45,0.16,0.01,18.52,0.77,5.74,0.72,11.04,1.09,1.64,3.8,0.94,0.52,0.23,0.54,0.02,0.01,0.33,29.56,0,3.72,0.04,2.1,9.3,0,0,0,0,96209000
Yemen,0,10.01,0.02,0,35.12,0.43,0.94,0.49,5.95,1.96,0.72,0.23,2.94,0.07,0.21,0.32,0,0,0.02,39.98,0,0.54,0.06,14.1,38.9,0.01,0,0,0,29826000
Zambia,0.48,9.89,0.03,0,28.52,0.58,3.01,0.09,4.32,1.03,0.91,8.06,0.64,0.08,1.29,0.08,0,0,0,40.11,0,0.8,0.06,6.5,46.7,0.33,0,0.29,0.04,18384000
Zimbabwe,0.29,11.34,0.04,0,33.19,0.51,1.08,0.26,6.66,2.41,0.65,1.52,1.7,0.05,0.55,0.26,0,0,0.14,38.65,0.03,0.6,0.06,12.3,51.3,0.23,0.01,0.19,0.03,14863000
